[2025-01-13 09:06:15] local.ERROR: Database connection [mysl] not configured. {"exception":"[object] (InvalidArgumentException(code: 0): Database connection [mysl] not configured. at D:\\Gábor\\Iskola\\12.Osztály\\Webprogramozás\\Laravel_gyorstalpalo\\vendor\\laravel\\framework\\src\\Illuminate\\Database\\DatabaseManager.php:227)
[stacktrace]
#0 D:\\Gábor\\Iskola\\12.Osztály\\Webprogramozás\\Laravel_gyorstalpalo\\vendor\\laravel\\framework\\src\\Illuminate\\Database\\DatabaseManager.php(191): Illuminate\\Database\\DatabaseManager->configuration('mysl')
#1 D:\\Gábor\\Iskola\\12.Osztály\\Webprogramozás\\Laravel_gyorstalpalo\\vendor\\laravel\\framework\\src\\Illuminate\\Database\\DatabaseManager.php(103): Illuminate\\Database\\DatabaseManager->makeConnection('mysl')
#2 D:\\Gábor\\Iskola\\12.Osztály\\Webprogramozás\\Laravel_gyorstalpalo\\vendor\\laravel\\framework\\src\\Illuminate\\Database\\Migrations\\DatabaseMigrationRepository.php(226): Illuminate\\Database\\DatabaseManager->connection('mysl')
#3 D:\\Gábor\\Iskola\\12.Osztály\\Webprogramozás\\Laravel_gyorstalpalo\\vendor\\laravel\\framework\\src\\Illuminate\\Database\\Migrations\\DatabaseMigrationRepository.php(182): Illuminate\\Database\\Migrations\\DatabaseMigrationRepository->getConnection()
#4 D:\\Gábor\\Iskola\\12.Osztály\\Webprogramozás\\Laravel_gyorstalpalo\\vendor\\laravel\\framework\\src\\Illuminate\\Database\\Migrations\\Migrator.php(681): Illuminate\\Database\\Migrations\\DatabaseMigrationRepository->repositoryExists()
#5 D:\\Gábor\\Iskola\\12.Osztály\\Webprogramozás\\Laravel_gyorstalpalo\\vendor\\laravel\\framework\\src\\Illuminate\\Database\\Console\\Migrations\\MigrateCommand.php(164): Illuminate\\Database\\Migrations\\Migrator->repositoryExists()
#6 D:\\Gábor\\Iskola\\12.Osztály\\Webprogramozás\\Laravel_gyorstalpalo\\vendor\\laravel\\framework\\src\\Illuminate\\Support\\helpers.php(338): Illuminate\\Database\\Console\\Migrations\\MigrateCommand->Illuminate\\Database\\Console\\Migrations\\{closure}(1)
#7 D:\\Gábor\\Iskola\\12.Osztály\\Webprogramozás\\Laravel_gyorstalpalo\\vendor\\laravel\\framework\\src\\Illuminate\\Database\\Console\\Migrations\\MigrateCommand.php(164): retry(1, Object(Closure), 0, Object(Closure))
#8 D:\\Gábor\\Iskola\\12.Osztály\\Webprogramozás\\Laravel_gyorstalpalo\\vendor\\laravel\\framework\\src\\Illuminate\\Database\\Console\\Migrations\\MigrateCommand.php(140): Illuminate\\Database\\Console\\Migrations\\MigrateCommand->repositoryExists()
#9 D:\\Gábor\\Iskola\\12.Osztály\\Webprogramozás\\Laravel_gyorstalpalo\\vendor\\laravel\\framework\\src\\Illuminate\\Database\\Console\\Migrations\\MigrateCommand.php(110): Illuminate\\Database\\Console\\Migrations\\MigrateCommand->prepareDatabase()
#10 D:\\Gábor\\Iskola\\12.Osztály\\Webprogramozás\\Laravel_gyorstalpalo\\vendor\\laravel\\framework\\src\\Illuminate\\Database\\Migrations\\Migrator.php(616): Illuminate\\Database\\Console\\Migrations\\MigrateCommand->Illuminate\\Database\\Console\\Migrations\\{closure}()
#11 D:\\Gábor\\Iskola\\12.Osztály\\Webprogramozás\\Laravel_gyorstalpalo\\vendor\\laravel\\framework\\src\\Illuminate\\Database\\Console\\Migrations\\MigrateCommand.php(109): Illuminate\\Database\\Migrations\\Migrator->usingConnection(NULL, Object(Closure))
#12 D:\\Gábor\\Iskola\\12.Osztály\\Webprogramozás\\Laravel_gyorstalpalo\\vendor\\laravel\\framework\\src\\Illuminate\\Database\\Console\\Migrations\\MigrateCommand.php(88): Illuminate\\Database\\Console\\Migrations\\MigrateCommand->runMigrations()
#13 D:\\Gábor\\Iskola\\12.Osztály\\Webprogramozás\\Laravel_gyorstalpalo\\vendor\\laravel\\framework\\src\\Illuminate\\Container\\BoundMethod.php(36): Illuminate\\Database\\Console\\Migrations\\MigrateCommand->handle()
#14 D:\\Gábor\\Iskola\\12.Osztály\\Webprogramozás\\Laravel_gyorstalpalo\\vendor\\laravel\\framework\\src\\Illuminate\\Container\\Util.php(43): Illuminate\\Container\\BoundMethod::Illuminate\\Container\\{closure}()
#15 D:\\Gábor\\Iskola\\12.Osztály\\Webprogramozás\\Laravel_gyorstalpalo\\vendor\\laravel\\framework\\src\\Illuminate\\Container\\BoundMethod.php(95): Illuminate\\Container\\Util::unwrapIfClosure(Object(Closure))
#16 D:\\Gábor\\Iskola\\12.Osztály\\Webprogramozás\\Laravel_gyorstalpalo\\vendor\\laravel\\framework\\src\\Illuminate\\Container\\BoundMethod.php(35): Illuminate\\Container\\BoundMethod::callBoundMethod(Object(Illuminate\\Foundation\\Application), Array, Object(Closure))
#17 D:\\Gábor\\Iskola\\12.Osztály\\Webprogramozás\\Laravel_gyorstalpalo\\vendor\\laravel\\framework\\src\\Illuminate\\Container\\Container.php(694): Illuminate\\Container\\BoundMethod::call(Object(Illuminate\\Foundation\\Application), Array, Array, NULL)
#18 D:\\Gábor\\Iskola\\12.Osztály\\Webprogramozás\\Laravel_gyorstalpalo\\vendor\\laravel\\framework\\src\\Illuminate\\Console\\Command.php(213): Illuminate\\Container\\Container->call(Array)
#19 D:\\Gábor\\Iskola\\12.Osztály\\Webprogramozás\\Laravel_gyorstalpalo\\vendor\\symfony\\console\\Command\\Command.php(279): Illuminate\\Console\\Command->execute(Object(Symfony\\Component\\Console\\Input\\ArgvInput), Object(Illuminate\\Console\\OutputStyle))
#20 D:\\Gábor\\Iskola\\12.Osztály\\Webprogramozás\\Laravel_gyorstalpalo\\vendor\\laravel\\framework\\src\\Illuminate\\Console\\Command.php(182): Symfony\\Component\\Console\\Command\\Command->run(Object(Symfony\\Component\\Console\\Input\\ArgvInput), Object(Illuminate\\Console\\OutputStyle))
#21 D:\\Gábor\\Iskola\\12.Osztály\\Webprogramozás\\Laravel_gyorstalpalo\\vendor\\symfony\\console\\Application.php(1094): Illuminate\\Console\\Command->run(Object(Symfony\\Component\\Console\\Input\\ArgvInput), Object(Symfony\\Component\\Console\\Output\\ConsoleOutput))
#22 D:\\Gábor\\Iskola\\12.Osztály\\Webprogramozás\\Laravel_gyorstalpalo\\vendor\\symfony\\console\\Application.php(342): Symfony\\Component\\Console\\Application->doRunCommand(Object(Illuminate\\Database\\Console\\Migrations\\MigrateCommand), Object(Symfony\\Component\\Console\\Input\\ArgvInput), Object(Symfony\\Component\\Console\\Output\\ConsoleOutput))
#23 D:\\Gábor\\Iskola\\12.Osztály\\Webprogramozás\\Laravel_gyorstalpalo\\vendor\\symfony\\console\\Application.php(193): Symfony\\Component\\Console\\Application->doRun(Object(Symfony\\Component\\Console\\Input\\ArgvInput), Object(Symfony\\Component\\Console\\Output\\ConsoleOutput))
#24 D:\\Gábor\\Iskola\\12.Osztály\\Webprogramozás\\Laravel_gyorstalpalo\\vendor\\laravel\\framework\\src\\Illuminate\\Foundation\\Console\\Kernel.php(198): Symfony\\Component\\Console\\Application->run(Object(Symfony\\Component\\Console\\Input\\ArgvInput), Object(Symfony\\Component\\Console\\Output\\ConsoleOutput))
#25 D:\\Gábor\\Iskola\\12.Osztály\\Webprogramozás\\Laravel_gyorstalpalo\\vendor\\laravel\\framework\\src\\Illuminate\\Foundation\\Application.php(1205): Illuminate\\Foundation\\Console\\Kernel->handle(Object(Symfony\\Component\\Console\\Input\\ArgvInput), Object(Symfony\\Component\\Console\\Output\\ConsoleOutput))
#26 D:\\Gábor\\Iskola\\12.Osztály\\Webprogramozás\\Laravel_gyorstalpalo\\artisan(13): Illuminate\\Foundation\\Application->handleCommand(Object(Symfony\\Component\\Console\\Input\\ArgvInput))
#27 {main}
"} 
[2025-01-13 09:07:25] local.ERROR: SQLSTATE[HY000] [1045] Access denied for user 'root'@'localhost' (using password: YES) (Connection: mysql, SQL: select exists (select 1 from information_schema.tables where table_schema = 'laravel_gyorstalpalo' and table_name = 'migrations' and table_type in ('BASE TABLE', 'SYSTEM VERSIONED')) as `exists`) {"exception":"[object] (Illuminate\\Database\\QueryException(code: 1045): SQLSTATE[HY000] [1045] Access denied for user 'root'@'localhost' (using password: YES) (Connection: mysql, SQL: select exists (select 1 from information_schema.tables where table_schema = 'laravel_gyorstalpalo' and table_name = 'migrations' and table_type in ('BASE TABLE', 'SYSTEM VERSIONED')) as `exists`) at D:\\Gábor\\Iskola\\12.Osztály\\Webprogramozás\\Laravel_gyorstalpalo\\vendor\\laravel\\framework\\src\\Illuminate\\Database\\Connection.php:825)
[stacktrace]
#0 D:\\Gábor\\Iskola\\12.Osztály\\Webprogramozás\\Laravel_gyorstalpalo\\vendor\\laravel\\framework\\src\\Illuminate\\Database\\Connection.php(779): Illuminate\\Database\\Connection->runQueryCallback('select exists (...', Array, Object(Closure))
#1 D:\\Gábor\\Iskola\\12.Osztály\\Webprogramozás\\Laravel_gyorstalpalo\\vendor\\laravel\\framework\\src\\Illuminate\\Database\\Connection.php(398): Illuminate\\Database\\Connection->run('select exists (...', Array, Object(Closure))
#2 D:\\Gábor\\Iskola\\12.Osztály\\Webprogramozás\\Laravel_gyorstalpalo\\vendor\\laravel\\framework\\src\\Illuminate\\Database\\Connection.php(344): Illuminate\\Database\\Connection->select('select exists (...', Array, true)
#3 D:\\Gábor\\Iskola\\12.Osztály\\Webprogramozás\\Laravel_gyorstalpalo\\vendor\\laravel\\framework\\src\\Illuminate\\Database\\Connection.php(361): Illuminate\\Database\\Connection->selectOne('select exists (...', Array, true)
#4 D:\\Gábor\\Iskola\\12.Osztály\\Webprogramozás\\Laravel_gyorstalpalo\\vendor\\laravel\\framework\\src\\Illuminate\\Database\\Schema\\MySqlBuilder.php(45): Illuminate\\Database\\Connection->scalar('select exists (...')
#5 D:\\Gábor\\Iskola\\12.Osztály\\Webprogramozás\\Laravel_gyorstalpalo\\vendor\\laravel\\framework\\src\\Illuminate\\Database\\Migrations\\DatabaseMigrationRepository.php(184): Illuminate\\Database\\Schema\\MySqlBuilder->hasTable('migrations')
#6 D:\\Gábor\\Iskola\\12.Osztály\\Webprogramozás\\Laravel_gyorstalpalo\\vendor\\laravel\\framework\\src\\Illuminate\\Database\\Migrations\\Migrator.php(681): Illuminate\\Database\\Migrations\\DatabaseMigrationRepository->repositoryExists()
#7 D:\\Gábor\\Iskola\\12.Osztály\\Webprogramozás\\Laravel_gyorstalpalo\\vendor\\laravel\\framework\\src\\Illuminate\\Database\\Console\\Migrations\\MigrateCommand.php(164): Illuminate\\Database\\Migrations\\Migrator->repositoryExists()
#8 D:\\Gábor\\Iskola\\12.Osztály\\Webprogramozás\\Laravel_gyorstalpalo\\vendor\\laravel\\framework\\src\\Illuminate\\Support\\helpers.php(338): Illuminate\\Database\\Console\\Migrations\\MigrateCommand->Illuminate\\Database\\Console\\Migrations\\{closure}(1)
#9 D:\\Gábor\\Iskola\\12.Osztály\\Webprogramozás\\Laravel_gyorstalpalo\\vendor\\laravel\\framework\\src\\Illuminate\\Database\\Console\\Migrations\\MigrateCommand.php(164): retry(1, Object(Closure), 0, Object(Closure))
#10 D:\\Gábor\\Iskola\\12.Osztály\\Webprogramozás\\Laravel_gyorstalpalo\\vendor\\laravel\\framework\\src\\Illuminate\\Database\\Console\\Migrations\\MigrateCommand.php(140): Illuminate\\Database\\Console\\Migrations\\MigrateCommand->repositoryExists()
#11 D:\\Gábor\\Iskola\\12.Osztály\\Webprogramozás\\Laravel_gyorstalpalo\\vendor\\laravel\\framework\\src\\Illuminate\\Database\\Console\\Migrations\\MigrateCommand.php(110): Illuminate\\Database\\Console\\Migrations\\MigrateCommand->prepareDatabase()
#12 D:\\Gábor\\Iskola\\12.Osztály\\Webprogramozás\\Laravel_gyorstalpalo\\vendor\\laravel\\framework\\src\\Illuminate\\Database\\Migrations\\Migrator.php(616): Illuminate\\Database\\Console\\Migrations\\MigrateCommand->Illuminate\\Database\\Console\\Migrations\\{closure}()
#13 D:\\Gábor\\Iskola\\12.Osztály\\Webprogramozás\\Laravel_gyorstalpalo\\vendor\\laravel\\framework\\src\\Illuminate\\Database\\Console\\Migrations\\MigrateCommand.php(109): Illuminate\\Database\\Migrations\\Migrator->usingConnection(NULL, Object(Closure))
#14 D:\\Gábor\\Iskola\\12.Osztály\\Webprogramozás\\Laravel_gyorstalpalo\\vendor\\laravel\\framework\\src\\Illuminate\\Database\\Console\\Migrations\\MigrateCommand.php(88): Illuminate\\Database\\Console\\Migrations\\MigrateCommand->runMigrations()
#15 D:\\Gábor\\Iskola\\12.Osztály\\Webprogramozás\\Laravel_gyorstalpalo\\vendor\\laravel\\framework\\src\\Illuminate\\Container\\BoundMethod.php(36): Illuminate\\Database\\Console\\Migrations\\MigrateCommand->handle()
#16 D:\\Gábor\\Iskola\\12.Osztály\\Webprogramozás\\Laravel_gyorstalpalo\\vendor\\laravel\\framework\\src\\Illuminate\\Container\\Util.php(43): Illuminate\\Container\\BoundMethod::Illuminate\\Container\\{closure}()
#17 D:\\Gábor\\Iskola\\12.Osztály\\Webprogramozás\\Laravel_gyorstalpalo\\vendor\\laravel\\framework\\src\\Illuminate\\Container\\BoundMethod.php(95): Illuminate\\Container\\Util::unwrapIfClosure(Object(Closure))
#18 D:\\Gábor\\Iskola\\12.Osztály\\Webprogramozás\\Laravel_gyorstalpalo\\vendor\\laravel\\framework\\src\\Illuminate\\Container\\BoundMethod.php(35): Illuminate\\Container\\BoundMethod::callBoundMethod(Object(Illuminate\\Foundation\\Application), Array, Object(Closure))
#19 D:\\Gábor\\Iskola\\12.Osztály\\Webprogramozás\\Laravel_gyorstalpalo\\vendor\\laravel\\framework\\src\\Illuminate\\Container\\Container.php(694): Illuminate\\Container\\BoundMethod::call(Object(Illuminate\\Foundation\\Application), Array, Array, NULL)
#20 D:\\Gábor\\Iskola\\12.Osztály\\Webprogramozás\\Laravel_gyorstalpalo\\vendor\\laravel\\framework\\src\\Illuminate\\Console\\Command.php(213): Illuminate\\Container\\Container->call(Array)
#21 D:\\Gábor\\Iskola\\12.Osztály\\Webprogramozás\\Laravel_gyorstalpalo\\vendor\\symfony\\console\\Command\\Command.php(279): Illuminate\\Console\\Command->execute(Object(Symfony\\Component\\Console\\Input\\ArgvInput), Object(Illuminate\\Console\\OutputStyle))
#22 D:\\Gábor\\Iskola\\12.Osztály\\Webprogramozás\\Laravel_gyorstalpalo\\vendor\\laravel\\framework\\src\\Illuminate\\Console\\Command.php(182): Symfony\\Component\\Console\\Command\\Command->run(Object(Symfony\\Component\\Console\\Input\\ArgvInput), Object(Illuminate\\Console\\OutputStyle))
#23 D:\\Gábor\\Iskola\\12.Osztály\\Webprogramozás\\Laravel_gyorstalpalo\\vendor\\symfony\\console\\Application.php(1094): Illuminate\\Console\\Command->run(Object(Symfony\\Component\\Console\\Input\\ArgvInput), Object(Symfony\\Component\\Console\\Output\\ConsoleOutput))
#24 D:\\Gábor\\Iskola\\12.Osztály\\Webprogramozás\\Laravel_gyorstalpalo\\vendor\\symfony\\console\\Application.php(342): Symfony\\Component\\Console\\Application->doRunCommand(Object(Illuminate\\Database\\Console\\Migrations\\MigrateCommand), Object(Symfony\\Component\\Console\\Input\\ArgvInput), Object(Symfony\\Component\\Console\\Output\\ConsoleOutput))
#25 D:\\Gábor\\Iskola\\12.Osztály\\Webprogramozás\\Laravel_gyorstalpalo\\vendor\\symfony\\console\\Application.php(193): Symfony\\Component\\Console\\Application->doRun(Object(Symfony\\Component\\Console\\Input\\ArgvInput), Object(Symfony\\Component\\Console\\Output\\ConsoleOutput))
#26 D:\\Gábor\\Iskola\\12.Osztály\\Webprogramozás\\Laravel_gyorstalpalo\\vendor\\laravel\\framework\\src\\Illuminate\\Foundation\\Console\\Kernel.php(198): Symfony\\Component\\Console\\Application->run(Object(Symfony\\Component\\Console\\Input\\ArgvInput), Object(Symfony\\Component\\Console\\Output\\ConsoleOutput))
#27 D:\\Gábor\\Iskola\\12.Osztály\\Webprogramozás\\Laravel_gyorstalpalo\\vendor\\laravel\\framework\\src\\Illuminate\\Foundation\\Application.php(1205): Illuminate\\Foundation\\Console\\Kernel->handle(Object(Symfony\\Component\\Console\\Input\\ArgvInput), Object(Symfony\\Component\\Console\\Output\\ConsoleOutput))
#28 D:\\Gábor\\Iskola\\12.Osztály\\Webprogramozás\\Laravel_gyorstalpalo\\artisan(13): Illuminate\\Foundation\\Application->handleCommand(Object(Symfony\\Component\\Console\\Input\\ArgvInput))
#29 {main}

[previous exception] [object] (PDOException(code: 1045): SQLSTATE[HY000] [1045] Access denied for user 'root'@'localhost' (using password: YES) at D:\\Gábor\\Iskola\\12.Osztály\\Webprogramozás\\Laravel_gyorstalpalo\\vendor\\laravel\\framework\\src\\Illuminate\\Database\\Connectors\\Connector.php:66)
[stacktrace]
#0 D:\\Gábor\\Iskola\\12.Osztály\\Webprogramozás\\Laravel_gyorstalpalo\\vendor\\laravel\\framework\\src\\Illuminate\\Database\\Connectors\\Connector.php(66): PDO->__construct('mysql:host=127....', 'root', Object(SensitiveParameterValue), Array)
#1 D:\\Gábor\\Iskola\\12.Osztály\\Webprogramozás\\Laravel_gyorstalpalo\\vendor\\laravel\\framework\\src\\Illuminate\\Database\\Connectors\\Connector.php(44): Illuminate\\Database\\Connectors\\Connector->createPdoConnection('mysql:host=127....', 'root', Object(SensitiveParameterValue), Array)
#2 D:\\Gábor\\Iskola\\12.Osztály\\Webprogramozás\\Laravel_gyorstalpalo\\vendor\\laravel\\framework\\src\\Illuminate\\Database\\Connectors\\MySqlConnector.php(24): Illuminate\\Database\\Connectors\\Connector->createConnection('mysql:host=127....', Array, Array)
#3 D:\\Gábor\\Iskola\\12.Osztály\\Webprogramozás\\Laravel_gyorstalpalo\\vendor\\laravel\\framework\\src\\Illuminate\\Database\\Connectors\\ConnectionFactory.php(185): Illuminate\\Database\\Connectors\\MySqlConnector->connect(Array)
#4 [internal function]: Illuminate\\Database\\Connectors\\ConnectionFactory->Illuminate\\Database\\Connectors\\{closure}()
#5 D:\\Gábor\\Iskola\\12.Osztály\\Webprogramozás\\Laravel_gyorstalpalo\\vendor\\laravel\\framework\\src\\Illuminate\\Database\\Connection.php(1231): call_user_func(Object(Closure))
#6 D:\\Gábor\\Iskola\\12.Osztály\\Webprogramozás\\Laravel_gyorstalpalo\\vendor\\laravel\\framework\\src\\Illuminate\\Database\\Connection.php(1267): Illuminate\\Database\\Connection->getPdo()
#7 D:\\Gábor\\Iskola\\12.Osztály\\Webprogramozás\\Laravel_gyorstalpalo\\vendor\\laravel\\framework\\src\\Illuminate\\Database\\Connection.php(512): Illuminate\\Database\\Connection->getReadPdo()
#8 D:\\Gábor\\Iskola\\12.Osztály\\Webprogramozás\\Laravel_gyorstalpalo\\vendor\\laravel\\framework\\src\\Illuminate\\Database\\Connection.php(407): Illuminate\\Database\\Connection->getPdoForSelect(true)
#9 D:\\Gábor\\Iskola\\12.Osztály\\Webprogramozás\\Laravel_gyorstalpalo\\vendor\\laravel\\framework\\src\\Illuminate\\Database\\Connection.php(812): Illuminate\\Database\\Connection->Illuminate\\Database\\{closure}('select exists (...', Array)
#10 D:\\Gábor\\Iskola\\12.Osztály\\Webprogramozás\\Laravel_gyorstalpalo\\vendor\\laravel\\framework\\src\\Illuminate\\Database\\Connection.php(779): Illuminate\\Database\\Connection->runQueryCallback('select exists (...', Array, Object(Closure))
#11 D:\\Gábor\\Iskola\\12.Osztály\\Webprogramozás\\Laravel_gyorstalpalo\\vendor\\laravel\\framework\\src\\Illuminate\\Database\\Connection.php(398): Illuminate\\Database\\Connection->run('select exists (...', Array, Object(Closure))
#12 D:\\Gábor\\Iskola\\12.Osztály\\Webprogramozás\\Laravel_gyorstalpalo\\vendor\\laravel\\framework\\src\\Illuminate\\Database\\Connection.php(344): Illuminate\\Database\\Connection->select('select exists (...', Array, true)
#13 D:\\Gábor\\Iskola\\12.Osztály\\Webprogramozás\\Laravel_gyorstalpalo\\vendor\\laravel\\framework\\src\\Illuminate\\Database\\Connection.php(361): Illuminate\\Database\\Connection->selectOne('select exists (...', Array, true)
#14 D:\\Gábor\\Iskola\\12.Osztály\\Webprogramozás\\Laravel_gyorstalpalo\\vendor\\laravel\\framework\\src\\Illuminate\\Database\\Schema\\MySqlBuilder.php(45): Illuminate\\Database\\Connection->scalar('select exists (...')
#15 D:\\Gábor\\Iskola\\12.Osztály\\Webprogramozás\\Laravel_gyorstalpalo\\vendor\\laravel\\framework\\src\\Illuminate\\Database\\Migrations\\DatabaseMigrationRepository.php(184): Illuminate\\Database\\Schema\\MySqlBuilder->hasTable('migrations')
#16 D:\\Gábor\\Iskola\\12.Osztály\\Webprogramozás\\Laravel_gyorstalpalo\\vendor\\laravel\\framework\\src\\Illuminate\\Database\\Migrations\\Migrator.php(681): Illuminate\\Database\\Migrations\\DatabaseMigrationRepository->repositoryExists()
#17 D:\\Gábor\\Iskola\\12.Osztály\\Webprogramozás\\Laravel_gyorstalpalo\\vendor\\laravel\\framework\\src\\Illuminate\\Database\\Console\\Migrations\\MigrateCommand.php(164): Illuminate\\Database\\Migrations\\Migrator->repositoryExists()
#18 D:\\Gábor\\Iskola\\12.Osztály\\Webprogramozás\\Laravel_gyorstalpalo\\vendor\\laravel\\framework\\src\\Illuminate\\Support\\helpers.php(338): Illuminate\\Database\\Console\\Migrations\\MigrateCommand->Illuminate\\Database\\Console\\Migrations\\{closure}(1)
#19 D:\\Gábor\\Iskola\\12.Osztály\\Webprogramozás\\Laravel_gyorstalpalo\\vendor\\laravel\\framework\\src\\Illuminate\\Database\\Console\\Migrations\\MigrateCommand.php(164): retry(1, Object(Closure), 0, Object(Closure))
#20 D:\\Gábor\\Iskola\\12.Osztály\\Webprogramozás\\Laravel_gyorstalpalo\\vendor\\laravel\\framework\\src\\Illuminate\\Database\\Console\\Migrations\\MigrateCommand.php(140): Illuminate\\Database\\Console\\Migrations\\MigrateCommand->repositoryExists()
#21 D:\\Gábor\\Iskola\\12.Osztály\\Webprogramozás\\Laravel_gyorstalpalo\\vendor\\laravel\\framework\\src\\Illuminate\\Database\\Console\\Migrations\\MigrateCommand.php(110): Illuminate\\Database\\Console\\Migrations\\MigrateCommand->prepareDatabase()
#22 D:\\Gábor\\Iskola\\12.Osztály\\Webprogramozás\\Laravel_gyorstalpalo\\vendor\\laravel\\framework\\src\\Illuminate\\Database\\Migrations\\Migrator.php(616): Illuminate\\Database\\Console\\Migrations\\MigrateCommand->Illuminate\\Database\\Console\\Migrations\\{closure}()
#23 D:\\Gábor\\Iskola\\12.Osztály\\Webprogramozás\\Laravel_gyorstalpalo\\vendor\\laravel\\framework\\src\\Illuminate\\Database\\Console\\Migrations\\MigrateCommand.php(109): Illuminate\\Database\\Migrations\\Migrator->usingConnection(NULL, Object(Closure))
#24 D:\\Gábor\\Iskola\\12.Osztály\\Webprogramozás\\Laravel_gyorstalpalo\\vendor\\laravel\\framework\\src\\Illuminate\\Database\\Console\\Migrations\\MigrateCommand.php(88): Illuminate\\Database\\Console\\Migrations\\MigrateCommand->runMigrations()
#25 D:\\Gábor\\Iskola\\12.Osztály\\Webprogramozás\\Laravel_gyorstalpalo\\vendor\\laravel\\framework\\src\\Illuminate\\Container\\BoundMethod.php(36): Illuminate\\Database\\Console\\Migrations\\MigrateCommand->handle()
#26 D:\\Gábor\\Iskola\\12.Osztály\\Webprogramozás\\Laravel_gyorstalpalo\\vendor\\laravel\\framework\\src\\Illuminate\\Container\\Util.php(43): Illuminate\\Container\\BoundMethod::Illuminate\\Container\\{closure}()
#27 D:\\Gábor\\Iskola\\12.Osztály\\Webprogramozás\\Laravel_gyorstalpalo\\vendor\\laravel\\framework\\src\\Illuminate\\Container\\BoundMethod.php(95): Illuminate\\Container\\Util::unwrapIfClosure(Object(Closure))
#28 D:\\Gábor\\Iskola\\12.Osztály\\Webprogramozás\\Laravel_gyorstalpalo\\vendor\\laravel\\framework\\src\\Illuminate\\Container\\BoundMethod.php(35): Illuminate\\Container\\BoundMethod::callBoundMethod(Object(Illuminate\\Foundation\\Application), Array, Object(Closure))
#29 D:\\Gábor\\Iskola\\12.Osztály\\Webprogramozás\\Laravel_gyorstalpalo\\vendor\\laravel\\framework\\src\\Illuminate\\Container\\Container.php(694): Illuminate\\Container\\BoundMethod::call(Object(Illuminate\\Foundation\\Application), Array, Array, NULL)
#30 D:\\Gábor\\Iskola\\12.Osztály\\Webprogramozás\\Laravel_gyorstalpalo\\vendor\\laravel\\framework\\src\\Illuminate\\Console\\Command.php(213): Illuminate\\Container\\Container->call(Array)
#31 D:\\Gábor\\Iskola\\12.Osztály\\Webprogramozás\\Laravel_gyorstalpalo\\vendor\\symfony\\console\\Command\\Command.php(279): Illuminate\\Console\\Command->execute(Object(Symfony\\Component\\Console\\Input\\ArgvInput), Object(Illuminate\\Console\\OutputStyle))
#32 D:\\Gábor\\Iskola\\12.Osztály\\Webprogramozás\\Laravel_gyorstalpalo\\vendor\\laravel\\framework\\src\\Illuminate\\Console\\Command.php(182): Symfony\\Component\\Console\\Command\\Command->run(Object(Symfony\\Component\\Console\\Input\\ArgvInput), Object(Illuminate\\Console\\OutputStyle))
#33 D:\\Gábor\\Iskola\\12.Osztály\\Webprogramozás\\Laravel_gyorstalpalo\\vendor\\symfony\\console\\Application.php(1094): Illuminate\\Console\\Command->run(Object(Symfony\\Component\\Console\\Input\\ArgvInput), Object(Symfony\\Component\\Console\\Output\\ConsoleOutput))
#34 D:\\Gábor\\Iskola\\12.Osztály\\Webprogramozás\\Laravel_gyorstalpalo\\vendor\\symfony\\console\\Application.php(342): Symfony\\Component\\Console\\Application->doRunCommand(Object(Illuminate\\Database\\Console\\Migrations\\MigrateCommand), Object(Symfony\\Component\\Console\\Input\\ArgvInput), Object(Symfony\\Component\\Console\\Output\\ConsoleOutput))
#35 D:\\Gábor\\Iskola\\12.Osztály\\Webprogramozás\\Laravel_gyorstalpalo\\vendor\\symfony\\console\\Application.php(193): Symfony\\Component\\Console\\Application->doRun(Object(Symfony\\Component\\Console\\Input\\ArgvInput), Object(Symfony\\Component\\Console\\Output\\ConsoleOutput))
#36 D:\\Gábor\\Iskola\\12.Osztály\\Webprogramozás\\Laravel_gyorstalpalo\\vendor\\laravel\\framework\\src\\Illuminate\\Foundation\\Console\\Kernel.php(198): Symfony\\Component\\Console\\Application->run(Object(Symfony\\Component\\Console\\Input\\ArgvInput), Object(Symfony\\Component\\Console\\Output\\ConsoleOutput))
#37 D:\\Gábor\\Iskola\\12.Osztály\\Webprogramozás\\Laravel_gyorstalpalo\\vendor\\laravel\\framework\\src\\Illuminate\\Foundation\\Application.php(1205): Illuminate\\Foundation\\Console\\Kernel->handle(Object(Symfony\\Component\\Console\\Input\\ArgvInput), Object(Symfony\\Component\\Console\\Output\\ConsoleOutput))
#38 D:\\Gábor\\Iskola\\12.Osztály\\Webprogramozás\\Laravel_gyorstalpalo\\artisan(13): Illuminate\\Foundation\\Application->handleCommand(Object(Symfony\\Component\\Console\\Input\\ArgvInput))
#39 {main}
"} 
[2025-01-13 09:11:40] local.ERROR: Command "make:migartion" is not defined.

Did you mean one of these?
    make:cache-table
    make:cast
    make:channel
    make:class
    make:command
    make:component
    make:controller
    make:enum
    make:event
    make:exception
    make:factory
    make:interface
    make:job
    make:job-middleware
    make:listener
    make:mail
    make:middleware
    make:migration
    make:model
    make:notification
    make:notifications-table
    make:observer
    make:policy
    make:provider
    make:queue-batches-table
    make:queue-failed-table
    make:queue-table
    make:request
    make:resource
    make:rule
    make:scope
    make:seeder
    make:session-table
    make:test
    make:trait
    make:view {"exception":"[object] (Symfony\\Component\\Console\\Exception\\CommandNotFoundException(code: 0): Command \"make:migartion\" is not defined.

Did you mean one of these?
    make:cache-table
    make:cast
    make:channel
    make:class
    make:command
    make:component
    make:controller
    make:enum
    make:event
    make:exception
    make:factory
    make:interface
    make:job
    make:job-middleware
    make:listener
    make:mail
    make:middleware
    make:migration
    make:model
    make:notification
    make:notifications-table
    make:observer
    make:policy
    make:provider
    make:queue-batches-table
    make:queue-failed-table
    make:queue-table
    make:request
    make:resource
    make:rule
    make:scope
    make:seeder
    make:session-table
    make:test
    make:trait
    make:view at D:\\Gábor\\Iskola\\12.Osztály\\Webprogramozás\\Laravel_gyorstalpalo\\vendor\\symfony\\console\\Application.php:726)
[stacktrace]
#0 D:\\Gábor\\Iskola\\12.Osztály\\Webprogramozás\\Laravel_gyorstalpalo\\vendor\\symfony\\console\\Application.php(284): Symfony\\Component\\Console\\Application->find('make:migartion')
#1 D:\\Gábor\\Iskola\\12.Osztály\\Webprogramozás\\Laravel_gyorstalpalo\\vendor\\symfony\\console\\Application.php(193): Symfony\\Component\\Console\\Application->doRun(Object(Symfony\\Component\\Console\\Input\\ArgvInput), Object(Symfony\\Component\\Console\\Output\\ConsoleOutput))
#2 D:\\Gábor\\Iskola\\12.Osztály\\Webprogramozás\\Laravel_gyorstalpalo\\vendor\\laravel\\framework\\src\\Illuminate\\Foundation\\Console\\Kernel.php(198): Symfony\\Component\\Console\\Application->run(Object(Symfony\\Component\\Console\\Input\\ArgvInput), Object(Symfony\\Component\\Console\\Output\\ConsoleOutput))
#3 D:\\Gábor\\Iskola\\12.Osztály\\Webprogramozás\\Laravel_gyorstalpalo\\vendor\\laravel\\framework\\src\\Illuminate\\Foundation\\Application.php(1205): Illuminate\\Foundation\\Console\\Kernel->handle(Object(Symfony\\Component\\Console\\Input\\ArgvInput), Object(Symfony\\Component\\Console\\Output\\ConsoleOutput))
#4 D:\\Gábor\\Iskola\\12.Osztály\\Webprogramozás\\Laravel_gyorstalpalo\\artisan(13): Illuminate\\Foundation\\Application->handleCommand(Object(Symfony\\Component\\Console\\Input\\ArgvInput))
#5 {main}
"} 
[2025-01-13 09:35:45] local.ERROR: Method Illuminate\Database\Schema\Blueprint::unsignedBigIntiger does not exist. {"exception":"[object] (BadMethodCallException(code: 0): Method Illuminate\\Database\\Schema\\Blueprint::unsignedBigIntiger does not exist. at D:\\Gábor\\Iskola\\12.Osztály\\Webprogramozás\\Laravel_gyorstalpalo\\vendor\\laravel\\framework\\src\\Illuminate\\Macroable\\Traits\\Macroable.php:115)
[stacktrace]
#0 D:\\Gábor\\Iskola\\12.Osztály\\Webprogramozás\\Laravel_gyorstalpalo\\database\\migrations\\2025_01_13_092513_create_aitools_table.php(16): Illuminate\\Database\\Schema\\Blueprint->__call('unsignedBigInti...', Array)
#1 D:\\Gábor\\Iskola\\12.Osztály\\Webprogramozás\\Laravel_gyorstalpalo\\vendor\\laravel\\framework\\src\\Illuminate\\Database\\Schema\\Builder.php(421): Illuminate\\Database\\Migrations\\Migration@anonymous->{closure}(Object(Illuminate\\Database\\Schema\\Blueprint))
#2 D:\\Gábor\\Iskola\\12.Osztály\\Webprogramozás\\Laravel_gyorstalpalo\\vendor\\laravel\\framework\\src\\Illuminate\\Support\\helpers.php(399): Illuminate\\Database\\Schema\\Builder->Illuminate\\Database\\Schema\\{closure}(Object(Illuminate\\Database\\Schema\\Blueprint))
#3 D:\\Gábor\\Iskola\\12.Osztály\\Webprogramozás\\Laravel_gyorstalpalo\\vendor\\laravel\\framework\\src\\Illuminate\\Database\\Schema\\Builder.php(418): tap(Object(Illuminate\\Database\\Schema\\Blueprint), Object(Closure))
#4 D:\\Gábor\\Iskola\\12.Osztály\\Webprogramozás\\Laravel_gyorstalpalo\\vendor\\laravel\\framework\\src\\Illuminate\\Support\\Facades\\Facade.php(361): Illuminate\\Database\\Schema\\Builder->create('aitools', Object(Closure))
#5 D:\\Gábor\\Iskola\\12.Osztály\\Webprogramozás\\Laravel_gyorstalpalo\\database\\migrations\\2025_01_13_092513_create_aitools_table.php(14): Illuminate\\Support\\Facades\\Facade::__callStatic('create', Array)
#6 D:\\Gábor\\Iskola\\12.Osztály\\Webprogramozás\\Laravel_gyorstalpalo\\vendor\\laravel\\framework\\src\\Illuminate\\Database\\Migrations\\Migrator.php(476): Illuminate\\Database\\Migrations\\Migration@anonymous->up()
#7 D:\\Gábor\\Iskola\\12.Osztály\\Webprogramozás\\Laravel_gyorstalpalo\\vendor\\laravel\\framework\\src\\Illuminate\\Database\\Migrations\\Migrator.php(401): Illuminate\\Database\\Migrations\\Migrator->runMethod(Object(Illuminate\\Database\\MySqlConnection), Object(Illuminate\\Database\\Migrations\\Migration@anonymous), 'up')
#8 D:\\Gábor\\Iskola\\12.Osztály\\Webprogramozás\\Laravel_gyorstalpalo\\vendor\\laravel\\framework\\src\\Illuminate\\Database\\Migrations\\Migrator.php(410): Illuminate\\Database\\Migrations\\Migrator->Illuminate\\Database\\Migrations\\{closure}()
#9 D:\\Gábor\\Iskola\\12.Osztály\\Webprogramozás\\Laravel_gyorstalpalo\\vendor\\laravel\\framework\\src\\Illuminate\\Database\\Migrations\\Migrator.php(213): Illuminate\\Database\\Migrations\\Migrator->runMigration(Object(Illuminate\\Database\\Migrations\\Migration@anonymous), 'up')
#10 D:\\Gábor\\Iskola\\12.Osztály\\Webprogramozás\\Laravel_gyorstalpalo\\vendor\\laravel\\framework\\src\\Illuminate\\Console\\View\\Components\\Task.php(40): Illuminate\\Database\\Migrations\\Migrator->Illuminate\\Database\\Migrations\\{closure}()
#11 D:\\Gábor\\Iskola\\12.Osztály\\Webprogramozás\\Laravel_gyorstalpalo\\vendor\\laravel\\framework\\src\\Illuminate\\Database\\Migrations\\Migrator.php(737): Illuminate\\Console\\View\\Components\\Task->render('2025_01_13_0925...', Object(Closure))
#12 D:\\Gábor\\Iskola\\12.Osztály\\Webprogramozás\\Laravel_gyorstalpalo\\vendor\\laravel\\framework\\src\\Illuminate\\Database\\Migrations\\Migrator.php(213): Illuminate\\Database\\Migrations\\Migrator->write('Illuminate\\\\Cons...', '2025_01_13_0925...', Object(Closure))
#13 D:\\Gábor\\Iskola\\12.Osztály\\Webprogramozás\\Laravel_gyorstalpalo\\vendor\\laravel\\framework\\src\\Illuminate\\Database\\Migrations\\Migrator.php(180): Illuminate\\Database\\Migrations\\Migrator->runUp('D:\\\\G\\xC3\\xA1bor\\\\Iskol...', 4, false)
#14 D:\\Gábor\\Iskola\\12.Osztály\\Webprogramozás\\Laravel_gyorstalpalo\\vendor\\laravel\\framework\\src\\Illuminate\\Database\\Migrations\\Migrator.php(123): Illuminate\\Database\\Migrations\\Migrator->runPending(Array, Array)
#15 D:\\Gábor\\Iskola\\12.Osztály\\Webprogramozás\\Laravel_gyorstalpalo\\vendor\\laravel\\framework\\src\\Illuminate\\Database\\Console\\Migrations\\MigrateCommand.php(116): Illuminate\\Database\\Migrations\\Migrator->run(Array, Array)
#16 D:\\Gábor\\Iskola\\12.Osztály\\Webprogramozás\\Laravel_gyorstalpalo\\vendor\\laravel\\framework\\src\\Illuminate\\Database\\Migrations\\Migrator.php(616): Illuminate\\Database\\Console\\Migrations\\MigrateCommand->Illuminate\\Database\\Console\\Migrations\\{closure}()
#17 D:\\Gábor\\Iskola\\12.Osztály\\Webprogramozás\\Laravel_gyorstalpalo\\vendor\\laravel\\framework\\src\\Illuminate\\Database\\Console\\Migrations\\MigrateCommand.php(109): Illuminate\\Database\\Migrations\\Migrator->usingConnection(NULL, Object(Closure))
#18 D:\\Gábor\\Iskola\\12.Osztály\\Webprogramozás\\Laravel_gyorstalpalo\\vendor\\laravel\\framework\\src\\Illuminate\\Database\\Console\\Migrations\\MigrateCommand.php(88): Illuminate\\Database\\Console\\Migrations\\MigrateCommand->runMigrations()
#19 D:\\Gábor\\Iskola\\12.Osztály\\Webprogramozás\\Laravel_gyorstalpalo\\vendor\\laravel\\framework\\src\\Illuminate\\Container\\BoundMethod.php(36): Illuminate\\Database\\Console\\Migrations\\MigrateCommand->handle()
#20 D:\\Gábor\\Iskola\\12.Osztály\\Webprogramozás\\Laravel_gyorstalpalo\\vendor\\laravel\\framework\\src\\Illuminate\\Container\\Util.php(43): Illuminate\\Container\\BoundMethod::Illuminate\\Container\\{closure}()
#21 D:\\Gábor\\Iskola\\12.Osztály\\Webprogramozás\\Laravel_gyorstalpalo\\vendor\\laravel\\framework\\src\\Illuminate\\Container\\BoundMethod.php(95): Illuminate\\Container\\Util::unwrapIfClosure(Object(Closure))
#22 D:\\Gábor\\Iskola\\12.Osztály\\Webprogramozás\\Laravel_gyorstalpalo\\vendor\\laravel\\framework\\src\\Illuminate\\Container\\BoundMethod.php(35): Illuminate\\Container\\BoundMethod::callBoundMethod(Object(Illuminate\\Foundation\\Application), Array, Object(Closure))
#23 D:\\Gábor\\Iskola\\12.Osztály\\Webprogramozás\\Laravel_gyorstalpalo\\vendor\\laravel\\framework\\src\\Illuminate\\Container\\Container.php(694): Illuminate\\Container\\BoundMethod::call(Object(Illuminate\\Foundation\\Application), Array, Array, NULL)
#24 D:\\Gábor\\Iskola\\12.Osztály\\Webprogramozás\\Laravel_gyorstalpalo\\vendor\\laravel\\framework\\src\\Illuminate\\Console\\Command.php(213): Illuminate\\Container\\Container->call(Array)
#25 D:\\Gábor\\Iskola\\12.Osztály\\Webprogramozás\\Laravel_gyorstalpalo\\vendor\\symfony\\console\\Command\\Command.php(279): Illuminate\\Console\\Command->execute(Object(Symfony\\Component\\Console\\Input\\ArgvInput), Object(Illuminate\\Console\\OutputStyle))
#26 D:\\Gábor\\Iskola\\12.Osztály\\Webprogramozás\\Laravel_gyorstalpalo\\vendor\\laravel\\framework\\src\\Illuminate\\Console\\Command.php(182): Symfony\\Component\\Console\\Command\\Command->run(Object(Symfony\\Component\\Console\\Input\\ArgvInput), Object(Illuminate\\Console\\OutputStyle))
#27 D:\\Gábor\\Iskola\\12.Osztály\\Webprogramozás\\Laravel_gyorstalpalo\\vendor\\symfony\\console\\Application.php(1094): Illuminate\\Console\\Command->run(Object(Symfony\\Component\\Console\\Input\\ArgvInput), Object(Symfony\\Component\\Console\\Output\\ConsoleOutput))
#28 D:\\Gábor\\Iskola\\12.Osztály\\Webprogramozás\\Laravel_gyorstalpalo\\vendor\\symfony\\console\\Application.php(342): Symfony\\Component\\Console\\Application->doRunCommand(Object(Illuminate\\Database\\Console\\Migrations\\MigrateCommand), Object(Symfony\\Component\\Console\\Input\\ArgvInput), Object(Symfony\\Component\\Console\\Output\\ConsoleOutput))
#29 D:\\Gábor\\Iskola\\12.Osztály\\Webprogramozás\\Laravel_gyorstalpalo\\vendor\\symfony\\console\\Application.php(193): Symfony\\Component\\Console\\Application->doRun(Object(Symfony\\Component\\Console\\Input\\ArgvInput), Object(Symfony\\Component\\Console\\Output\\ConsoleOutput))
#30 D:\\Gábor\\Iskola\\12.Osztály\\Webprogramozás\\Laravel_gyorstalpalo\\vendor\\laravel\\framework\\src\\Illuminate\\Foundation\\Console\\Kernel.php(198): Symfony\\Component\\Console\\Application->run(Object(Symfony\\Component\\Console\\Input\\ArgvInput), Object(Symfony\\Component\\Console\\Output\\ConsoleOutput))
#31 D:\\Gábor\\Iskola\\12.Osztály\\Webprogramozás\\Laravel_gyorstalpalo\\vendor\\laravel\\framework\\src\\Illuminate\\Foundation\\Application.php(1205): Illuminate\\Foundation\\Console\\Kernel->handle(Object(Symfony\\Component\\Console\\Input\\ArgvInput), Object(Symfony\\Component\\Console\\Output\\ConsoleOutput))
#32 D:\\Gábor\\Iskola\\12.Osztály\\Webprogramozás\\Laravel_gyorstalpalo\\artisan(13): Illuminate\\Foundation\\Application->handleCommand(Object(Symfony\\Component\\Console\\Input\\ArgvInput))
#33 {main}
"} 
[2025-01-13 09:36:24] local.ERROR: Method Illuminate\Database\Schema\Blueprint::unsignedBigIntiger does not exist. {"exception":"[object] (BadMethodCallException(code: 0): Method Illuminate\\Database\\Schema\\Blueprint::unsignedBigIntiger does not exist. at D:\\Gábor\\Iskola\\12.Osztály\\Webprogramozás\\Laravel_gyorstalpalo\\vendor\\laravel\\framework\\src\\Illuminate\\Macroable\\Traits\\Macroable.php:115)
[stacktrace]
#0 D:\\Gábor\\Iskola\\12.Osztály\\Webprogramozás\\Laravel_gyorstalpalo\\database\\migrations\\2025_01_13_092513_create_aitools_table.php(16): Illuminate\\Database\\Schema\\Blueprint->__call('unsignedBigInti...', Array)
#1 D:\\Gábor\\Iskola\\12.Osztály\\Webprogramozás\\Laravel_gyorstalpalo\\vendor\\laravel\\framework\\src\\Illuminate\\Database\\Schema\\Builder.php(421): Illuminate\\Database\\Migrations\\Migration@anonymous->{closure}(Object(Illuminate\\Database\\Schema\\Blueprint))
#2 D:\\Gábor\\Iskola\\12.Osztály\\Webprogramozás\\Laravel_gyorstalpalo\\vendor\\laravel\\framework\\src\\Illuminate\\Support\\helpers.php(399): Illuminate\\Database\\Schema\\Builder->Illuminate\\Database\\Schema\\{closure}(Object(Illuminate\\Database\\Schema\\Blueprint))
#3 D:\\Gábor\\Iskola\\12.Osztály\\Webprogramozás\\Laravel_gyorstalpalo\\vendor\\laravel\\framework\\src\\Illuminate\\Database\\Schema\\Builder.php(418): tap(Object(Illuminate\\Database\\Schema\\Blueprint), Object(Closure))
#4 D:\\Gábor\\Iskola\\12.Osztály\\Webprogramozás\\Laravel_gyorstalpalo\\vendor\\laravel\\framework\\src\\Illuminate\\Support\\Facades\\Facade.php(361): Illuminate\\Database\\Schema\\Builder->create('aitools', Object(Closure))
#5 D:\\Gábor\\Iskola\\12.Osztály\\Webprogramozás\\Laravel_gyorstalpalo\\database\\migrations\\2025_01_13_092513_create_aitools_table.php(14): Illuminate\\Support\\Facades\\Facade::__callStatic('create', Array)
#6 D:\\Gábor\\Iskola\\12.Osztály\\Webprogramozás\\Laravel_gyorstalpalo\\vendor\\laravel\\framework\\src\\Illuminate\\Database\\Migrations\\Migrator.php(476): Illuminate\\Database\\Migrations\\Migration@anonymous->up()
#7 D:\\Gábor\\Iskola\\12.Osztály\\Webprogramozás\\Laravel_gyorstalpalo\\vendor\\laravel\\framework\\src\\Illuminate\\Database\\Migrations\\Migrator.php(401): Illuminate\\Database\\Migrations\\Migrator->runMethod(Object(Illuminate\\Database\\MySqlConnection), Object(Illuminate\\Database\\Migrations\\Migration@anonymous), 'up')
#8 D:\\Gábor\\Iskola\\12.Osztály\\Webprogramozás\\Laravel_gyorstalpalo\\vendor\\laravel\\framework\\src\\Illuminate\\Database\\Migrations\\Migrator.php(410): Illuminate\\Database\\Migrations\\Migrator->Illuminate\\Database\\Migrations\\{closure}()
#9 D:\\Gábor\\Iskola\\12.Osztály\\Webprogramozás\\Laravel_gyorstalpalo\\vendor\\laravel\\framework\\src\\Illuminate\\Database\\Migrations\\Migrator.php(213): Illuminate\\Database\\Migrations\\Migrator->runMigration(Object(Illuminate\\Database\\Migrations\\Migration@anonymous), 'up')
#10 D:\\Gábor\\Iskola\\12.Osztály\\Webprogramozás\\Laravel_gyorstalpalo\\vendor\\laravel\\framework\\src\\Illuminate\\Console\\View\\Components\\Task.php(40): Illuminate\\Database\\Migrations\\Migrator->Illuminate\\Database\\Migrations\\{closure}()
#11 D:\\Gábor\\Iskola\\12.Osztály\\Webprogramozás\\Laravel_gyorstalpalo\\vendor\\laravel\\framework\\src\\Illuminate\\Database\\Migrations\\Migrator.php(737): Illuminate\\Console\\View\\Components\\Task->render('2025_01_13_0925...', Object(Closure))
#12 D:\\Gábor\\Iskola\\12.Osztály\\Webprogramozás\\Laravel_gyorstalpalo\\vendor\\laravel\\framework\\src\\Illuminate\\Database\\Migrations\\Migrator.php(213): Illuminate\\Database\\Migrations\\Migrator->write('Illuminate\\\\Cons...', '2025_01_13_0925...', Object(Closure))
#13 D:\\Gábor\\Iskola\\12.Osztály\\Webprogramozás\\Laravel_gyorstalpalo\\vendor\\laravel\\framework\\src\\Illuminate\\Database\\Migrations\\Migrator.php(180): Illuminate\\Database\\Migrations\\Migrator->runUp('D:\\\\G\\xC3\\xA1bor\\\\Iskol...', 4, false)
#14 D:\\Gábor\\Iskola\\12.Osztály\\Webprogramozás\\Laravel_gyorstalpalo\\vendor\\laravel\\framework\\src\\Illuminate\\Database\\Migrations\\Migrator.php(123): Illuminate\\Database\\Migrations\\Migrator->runPending(Array, Array)
#15 D:\\Gábor\\Iskola\\12.Osztály\\Webprogramozás\\Laravel_gyorstalpalo\\vendor\\laravel\\framework\\src\\Illuminate\\Database\\Console\\Migrations\\MigrateCommand.php(116): Illuminate\\Database\\Migrations\\Migrator->run(Array, Array)
#16 D:\\Gábor\\Iskola\\12.Osztály\\Webprogramozás\\Laravel_gyorstalpalo\\vendor\\laravel\\framework\\src\\Illuminate\\Database\\Migrations\\Migrator.php(616): Illuminate\\Database\\Console\\Migrations\\MigrateCommand->Illuminate\\Database\\Console\\Migrations\\{closure}()
#17 D:\\Gábor\\Iskola\\12.Osztály\\Webprogramozás\\Laravel_gyorstalpalo\\vendor\\laravel\\framework\\src\\Illuminate\\Database\\Console\\Migrations\\MigrateCommand.php(109): Illuminate\\Database\\Migrations\\Migrator->usingConnection(NULL, Object(Closure))
#18 D:\\Gábor\\Iskola\\12.Osztály\\Webprogramozás\\Laravel_gyorstalpalo\\vendor\\laravel\\framework\\src\\Illuminate\\Database\\Console\\Migrations\\MigrateCommand.php(88): Illuminate\\Database\\Console\\Migrations\\MigrateCommand->runMigrations()
#19 D:\\Gábor\\Iskola\\12.Osztály\\Webprogramozás\\Laravel_gyorstalpalo\\vendor\\laravel\\framework\\src\\Illuminate\\Container\\BoundMethod.php(36): Illuminate\\Database\\Console\\Migrations\\MigrateCommand->handle()
#20 D:\\Gábor\\Iskola\\12.Osztály\\Webprogramozás\\Laravel_gyorstalpalo\\vendor\\laravel\\framework\\src\\Illuminate\\Container\\Util.php(43): Illuminate\\Container\\BoundMethod::Illuminate\\Container\\{closure}()
#21 D:\\Gábor\\Iskola\\12.Osztály\\Webprogramozás\\Laravel_gyorstalpalo\\vendor\\laravel\\framework\\src\\Illuminate\\Container\\BoundMethod.php(95): Illuminate\\Container\\Util::unwrapIfClosure(Object(Closure))
#22 D:\\Gábor\\Iskola\\12.Osztály\\Webprogramozás\\Laravel_gyorstalpalo\\vendor\\laravel\\framework\\src\\Illuminate\\Container\\BoundMethod.php(35): Illuminate\\Container\\BoundMethod::callBoundMethod(Object(Illuminate\\Foundation\\Application), Array, Object(Closure))
#23 D:\\Gábor\\Iskola\\12.Osztály\\Webprogramozás\\Laravel_gyorstalpalo\\vendor\\laravel\\framework\\src\\Illuminate\\Container\\Container.php(694): Illuminate\\Container\\BoundMethod::call(Object(Illuminate\\Foundation\\Application), Array, Array, NULL)
#24 D:\\Gábor\\Iskola\\12.Osztály\\Webprogramozás\\Laravel_gyorstalpalo\\vendor\\laravel\\framework\\src\\Illuminate\\Console\\Command.php(213): Illuminate\\Container\\Container->call(Array)
#25 D:\\Gábor\\Iskola\\12.Osztály\\Webprogramozás\\Laravel_gyorstalpalo\\vendor\\symfony\\console\\Command\\Command.php(279): Illuminate\\Console\\Command->execute(Object(Symfony\\Component\\Console\\Input\\ArgvInput), Object(Illuminate\\Console\\OutputStyle))
#26 D:\\Gábor\\Iskola\\12.Osztály\\Webprogramozás\\Laravel_gyorstalpalo\\vendor\\laravel\\framework\\src\\Illuminate\\Console\\Command.php(182): Symfony\\Component\\Console\\Command\\Command->run(Object(Symfony\\Component\\Console\\Input\\ArgvInput), Object(Illuminate\\Console\\OutputStyle))
#27 D:\\Gábor\\Iskola\\12.Osztály\\Webprogramozás\\Laravel_gyorstalpalo\\vendor\\symfony\\console\\Application.php(1094): Illuminate\\Console\\Command->run(Object(Symfony\\Component\\Console\\Input\\ArgvInput), Object(Symfony\\Component\\Console\\Output\\ConsoleOutput))
#28 D:\\Gábor\\Iskola\\12.Osztály\\Webprogramozás\\Laravel_gyorstalpalo\\vendor\\symfony\\console\\Application.php(342): Symfony\\Component\\Console\\Application->doRunCommand(Object(Illuminate\\Database\\Console\\Migrations\\MigrateCommand), Object(Symfony\\Component\\Console\\Input\\ArgvInput), Object(Symfony\\Component\\Console\\Output\\ConsoleOutput))
#29 D:\\Gábor\\Iskola\\12.Osztály\\Webprogramozás\\Laravel_gyorstalpalo\\vendor\\symfony\\console\\Application.php(193): Symfony\\Component\\Console\\Application->doRun(Object(Symfony\\Component\\Console\\Input\\ArgvInput), Object(Symfony\\Component\\Console\\Output\\ConsoleOutput))
#30 D:\\Gábor\\Iskola\\12.Osztály\\Webprogramozás\\Laravel_gyorstalpalo\\vendor\\laravel\\framework\\src\\Illuminate\\Foundation\\Console\\Kernel.php(198): Symfony\\Component\\Console\\Application->run(Object(Symfony\\Component\\Console\\Input\\ArgvInput), Object(Symfony\\Component\\Console\\Output\\ConsoleOutput))
#31 D:\\Gábor\\Iskola\\12.Osztály\\Webprogramozás\\Laravel_gyorstalpalo\\vendor\\laravel\\framework\\src\\Illuminate\\Foundation\\Application.php(1205): Illuminate\\Foundation\\Console\\Kernel->handle(Object(Symfony\\Component\\Console\\Input\\ArgvInput), Object(Symfony\\Component\\Console\\Output\\ConsoleOutput))
#32 D:\\Gábor\\Iskola\\12.Osztály\\Webprogramozás\\Laravel_gyorstalpalo\\artisan(13): Illuminate\\Foundation\\Application->handleCommand(Object(Symfony\\Component\\Console\\Input\\ArgvInput))
#33 {main}
"} 
[2025-01-13 10:30:29] local.ERROR: View [_error] not found. (View: D:\Gábor\Iskola\12.Osztály\Webprogramozás\Laravel_gyorstalpalo\resources\views\categories\create.blade.php) {"exception":"[object] (Illuminate\\View\\ViewException(code: 0): View [_error] not found. (View: D:\\Gábor\\Iskola\\12.Osztály\\Webprogramozás\\Laravel_gyorstalpalo\\resources\\views\\categories\\create.blade.php) at D:\\Gábor\\Iskola\\12.Osztály\\Webprogramozás\\Laravel_gyorstalpalo\\vendor\\laravel\\framework\\src\\Illuminate\\View\\FileViewFinder.php:139)
[stacktrace]
#0 D:\\Gábor\\Iskola\\12.Osztály\\Webprogramozás\\Laravel_gyorstalpalo\\vendor\\laravel\\framework\\src\\Illuminate\\View\\Engines\\PhpEngine.php(60): Illuminate\\View\\Engines\\CompilerEngine->handleViewException(Object(InvalidArgumentException), 1)
#1 D:\\Gábor\\Iskola\\12.Osztály\\Webprogramozás\\Laravel_gyorstalpalo\\vendor\\laravel\\framework\\src\\Illuminate\\View\\Engines\\CompilerEngine.php(75): Illuminate\\View\\Engines\\PhpEngine->evaluatePath('D:\\\\G\\xC3\\xA1bor\\\\Iskol...', Array)
#2 D:\\Gábor\\Iskola\\12.Osztály\\Webprogramozás\\Laravel_gyorstalpalo\\vendor\\laravel\\framework\\src\\Illuminate\\View\\View.php(209): Illuminate\\View\\Engines\\CompilerEngine->get('D:\\\\G\\xC3\\xA1bor\\\\Iskol...', Array)
#3 D:\\Gábor\\Iskola\\12.Osztály\\Webprogramozás\\Laravel_gyorstalpalo\\vendor\\laravel\\framework\\src\\Illuminate\\View\\View.php(192): Illuminate\\View\\View->getContents()
#4 D:\\Gábor\\Iskola\\12.Osztály\\Webprogramozás\\Laravel_gyorstalpalo\\vendor\\laravel\\framework\\src\\Illuminate\\View\\View.php(161): Illuminate\\View\\View->renderContents()
#5 D:\\Gábor\\Iskola\\12.Osztály\\Webprogramozás\\Laravel_gyorstalpalo\\vendor\\laravel\\framework\\src\\Illuminate\\Http\\Response.php(79): Illuminate\\View\\View->render()
#6 D:\\Gábor\\Iskola\\12.Osztály\\Webprogramozás\\Laravel_gyorstalpalo\\vendor\\laravel\\framework\\src\\Illuminate\\Http\\Response.php(35): Illuminate\\Http\\Response->setContent(Object(Illuminate\\View\\View))
#7 D:\\Gábor\\Iskola\\12.Osztály\\Webprogramozás\\Laravel_gyorstalpalo\\vendor\\laravel\\framework\\src\\Illuminate\\Routing\\Router.php(920): Illuminate\\Http\\Response->__construct(Object(Illuminate\\View\\View), 200, Array)
#8 D:\\Gábor\\Iskola\\12.Osztály\\Webprogramozás\\Laravel_gyorstalpalo\\vendor\\laravel\\framework\\src\\Illuminate\\Routing\\Router.php(887): Illuminate\\Routing\\Router::toResponse(Object(Illuminate\\Http\\Request), Object(Illuminate\\View\\View))
#9 D:\\Gábor\\Iskola\\12.Osztály\\Webprogramozás\\Laravel_gyorstalpalo\\vendor\\laravel\\framework\\src\\Illuminate\\Routing\\Router.php(807): Illuminate\\Routing\\Router->prepareResponse(Object(Illuminate\\Http\\Request), Object(Illuminate\\View\\View))
#10 D:\\Gábor\\Iskola\\12.Osztály\\Webprogramozás\\Laravel_gyorstalpalo\\vendor\\laravel\\framework\\src\\Illuminate\\Pipeline\\Pipeline.php(144): Illuminate\\Routing\\Router->Illuminate\\Routing\\{closure}(Object(Illuminate\\Http\\Request))
#11 D:\\Gábor\\Iskola\\12.Osztály\\Webprogramozás\\Laravel_gyorstalpalo\\vendor\\laravel\\framework\\src\\Illuminate\\Routing\\Middleware\\SubstituteBindings.php(51): Illuminate\\Pipeline\\Pipeline->Illuminate\\Pipeline\\{closure}(Object(Illuminate\\Http\\Request))
#12 D:\\Gábor\\Iskola\\12.Osztály\\Webprogramozás\\Laravel_gyorstalpalo\\vendor\\laravel\\framework\\src\\Illuminate\\Pipeline\\Pipeline.php(183): Illuminate\\Routing\\Middleware\\SubstituteBindings->handle(Object(Illuminate\\Http\\Request), Object(Closure))
#13 D:\\Gábor\\Iskola\\12.Osztály\\Webprogramozás\\Laravel_gyorstalpalo\\vendor\\laravel\\framework\\src\\Illuminate\\Foundation\\Http\\Middleware\\VerifyCsrfToken.php(88): Illuminate\\Pipeline\\Pipeline->Illuminate\\Pipeline\\{closure}(Object(Illuminate\\Http\\Request))
#14 D:\\Gábor\\Iskola\\12.Osztály\\Webprogramozás\\Laravel_gyorstalpalo\\vendor\\laravel\\framework\\src\\Illuminate\\Pipeline\\Pipeline.php(183): Illuminate\\Foundation\\Http\\Middleware\\VerifyCsrfToken->handle(Object(Illuminate\\Http\\Request), Object(Closure))
#15 D:\\Gábor\\Iskola\\12.Osztály\\Webprogramozás\\Laravel_gyorstalpalo\\vendor\\laravel\\framework\\src\\Illuminate\\View\\Middleware\\ShareErrorsFromSession.php(49): Illuminate\\Pipeline\\Pipeline->Illuminate\\Pipeline\\{closure}(Object(Illuminate\\Http\\Request))
#16 D:\\Gábor\\Iskola\\12.Osztály\\Webprogramozás\\Laravel_gyorstalpalo\\vendor\\laravel\\framework\\src\\Illuminate\\Pipeline\\Pipeline.php(183): Illuminate\\View\\Middleware\\ShareErrorsFromSession->handle(Object(Illuminate\\Http\\Request), Object(Closure))
#17 D:\\Gábor\\Iskola\\12.Osztály\\Webprogramozás\\Laravel_gyorstalpalo\\vendor\\laravel\\framework\\src\\Illuminate\\Session\\Middleware\\StartSession.php(121): Illuminate\\Pipeline\\Pipeline->Illuminate\\Pipeline\\{closure}(Object(Illuminate\\Http\\Request))
#18 D:\\Gábor\\Iskola\\12.Osztály\\Webprogramozás\\Laravel_gyorstalpalo\\vendor\\laravel\\framework\\src\\Illuminate\\Session\\Middleware\\StartSession.php(64): Illuminate\\Session\\Middleware\\StartSession->handleStatefulRequest(Object(Illuminate\\Http\\Request), Object(Illuminate\\Session\\Store), Object(Closure))
#19 D:\\Gábor\\Iskola\\12.Osztály\\Webprogramozás\\Laravel_gyorstalpalo\\vendor\\laravel\\framework\\src\\Illuminate\\Pipeline\\Pipeline.php(183): Illuminate\\Session\\Middleware\\StartSession->handle(Object(Illuminate\\Http\\Request), Object(Closure))
#20 D:\\Gábor\\Iskola\\12.Osztály\\Webprogramozás\\Laravel_gyorstalpalo\\vendor\\laravel\\framework\\src\\Illuminate\\Cookie\\Middleware\\AddQueuedCookiesToResponse.php(37): Illuminate\\Pipeline\\Pipeline->Illuminate\\Pipeline\\{closure}(Object(Illuminate\\Http\\Request))
#21 D:\\Gábor\\Iskola\\12.Osztály\\Webprogramozás\\Laravel_gyorstalpalo\\vendor\\laravel\\framework\\src\\Illuminate\\Pipeline\\Pipeline.php(183): Illuminate\\Cookie\\Middleware\\AddQueuedCookiesToResponse->handle(Object(Illuminate\\Http\\Request), Object(Closure))
#22 D:\\Gábor\\Iskola\\12.Osztály\\Webprogramozás\\Laravel_gyorstalpalo\\vendor\\laravel\\framework\\src\\Illuminate\\Cookie\\Middleware\\EncryptCookies.php(75): Illuminate\\Pipeline\\Pipeline->Illuminate\\Pipeline\\{closure}(Object(Illuminate\\Http\\Request))
#23 D:\\Gábor\\Iskola\\12.Osztály\\Webprogramozás\\Laravel_gyorstalpalo\\vendor\\laravel\\framework\\src\\Illuminate\\Pipeline\\Pipeline.php(183): Illuminate\\Cookie\\Middleware\\EncryptCookies->handle(Object(Illuminate\\Http\\Request), Object(Closure))
#24 D:\\Gábor\\Iskola\\12.Osztály\\Webprogramozás\\Laravel_gyorstalpalo\\vendor\\laravel\\framework\\src\\Illuminate\\Pipeline\\Pipeline.php(119): Illuminate\\Pipeline\\Pipeline->Illuminate\\Pipeline\\{closure}(Object(Illuminate\\Http\\Request))
#25 D:\\Gábor\\Iskola\\12.Osztály\\Webprogramozás\\Laravel_gyorstalpalo\\vendor\\laravel\\framework\\src\\Illuminate\\Routing\\Router.php(807): Illuminate\\Pipeline\\Pipeline->then(Object(Closure))
#26 D:\\Gábor\\Iskola\\12.Osztály\\Webprogramozás\\Laravel_gyorstalpalo\\vendor\\laravel\\framework\\src\\Illuminate\\Routing\\Router.php(786): Illuminate\\Routing\\Router->runRouteWithinStack(Object(Illuminate\\Routing\\Route), Object(Illuminate\\Http\\Request))
#27 D:\\Gábor\\Iskola\\12.Osztály\\Webprogramozás\\Laravel_gyorstalpalo\\vendor\\laravel\\framework\\src\\Illuminate\\Routing\\Router.php(750): Illuminate\\Routing\\Router->runRoute(Object(Illuminate\\Http\\Request), Object(Illuminate\\Routing\\Route))
#28 D:\\Gábor\\Iskola\\12.Osztály\\Webprogramozás\\Laravel_gyorstalpalo\\vendor\\laravel\\framework\\src\\Illuminate\\Routing\\Router.php(739): Illuminate\\Routing\\Router->dispatchToRoute(Object(Illuminate\\Http\\Request))
#29 D:\\Gábor\\Iskola\\12.Osztály\\Webprogramozás\\Laravel_gyorstalpalo\\vendor\\laravel\\framework\\src\\Illuminate\\Foundation\\Http\\Kernel.php(201): Illuminate\\Routing\\Router->dispatch(Object(Illuminate\\Http\\Request))
#30 D:\\Gábor\\Iskola\\12.Osztály\\Webprogramozás\\Laravel_gyorstalpalo\\vendor\\laravel\\framework\\src\\Illuminate\\Pipeline\\Pipeline.php(144): Illuminate\\Foundation\\Http\\Kernel->Illuminate\\Foundation\\Http\\{closure}(Object(Illuminate\\Http\\Request))
#31 D:\\Gábor\\Iskola\\12.Osztály\\Webprogramozás\\Laravel_gyorstalpalo\\vendor\\laravel\\framework\\src\\Illuminate\\Foundation\\Http\\Middleware\\TransformsRequest.php(21): Illuminate\\Pipeline\\Pipeline->Illuminate\\Pipeline\\{closure}(Object(Illuminate\\Http\\Request))
#32 D:\\Gábor\\Iskola\\12.Osztály\\Webprogramozás\\Laravel_gyorstalpalo\\vendor\\laravel\\framework\\src\\Illuminate\\Foundation\\Http\\Middleware\\ConvertEmptyStringsToNull.php(31): Illuminate\\Foundation\\Http\\Middleware\\TransformsRequest->handle(Object(Illuminate\\Http\\Request), Object(Closure))
#33 D:\\Gábor\\Iskola\\12.Osztály\\Webprogramozás\\Laravel_gyorstalpalo\\vendor\\laravel\\framework\\src\\Illuminate\\Pipeline\\Pipeline.php(183): Illuminate\\Foundation\\Http\\Middleware\\ConvertEmptyStringsToNull->handle(Object(Illuminate\\Http\\Request), Object(Closure))
#34 D:\\Gábor\\Iskola\\12.Osztály\\Webprogramozás\\Laravel_gyorstalpalo\\vendor\\laravel\\framework\\src\\Illuminate\\Foundation\\Http\\Middleware\\TransformsRequest.php(21): Illuminate\\Pipeline\\Pipeline->Illuminate\\Pipeline\\{closure}(Object(Illuminate\\Http\\Request))
#35 D:\\Gábor\\Iskola\\12.Osztály\\Webprogramozás\\Laravel_gyorstalpalo\\vendor\\laravel\\framework\\src\\Illuminate\\Foundation\\Http\\Middleware\\TrimStrings.php(51): Illuminate\\Foundation\\Http\\Middleware\\TransformsRequest->handle(Object(Illuminate\\Http\\Request), Object(Closure))
#36 D:\\Gábor\\Iskola\\12.Osztály\\Webprogramozás\\Laravel_gyorstalpalo\\vendor\\laravel\\framework\\src\\Illuminate\\Pipeline\\Pipeline.php(183): Illuminate\\Foundation\\Http\\Middleware\\TrimStrings->handle(Object(Illuminate\\Http\\Request), Object(Closure))
#37 D:\\Gábor\\Iskola\\12.Osztály\\Webprogramozás\\Laravel_gyorstalpalo\\vendor\\laravel\\framework\\src\\Illuminate\\Http\\Middleware\\ValidatePostSize.php(27): Illuminate\\Pipeline\\Pipeline->Illuminate\\Pipeline\\{closure}(Object(Illuminate\\Http\\Request))
#38 D:\\Gábor\\Iskola\\12.Osztály\\Webprogramozás\\Laravel_gyorstalpalo\\vendor\\laravel\\framework\\src\\Illuminate\\Pipeline\\Pipeline.php(183): Illuminate\\Http\\Middleware\\ValidatePostSize->handle(Object(Illuminate\\Http\\Request), Object(Closure))
#39 D:\\Gábor\\Iskola\\12.Osztály\\Webprogramozás\\Laravel_gyorstalpalo\\vendor\\laravel\\framework\\src\\Illuminate\\Foundation\\Http\\Middleware\\PreventRequestsDuringMaintenance.php(110): Illuminate\\Pipeline\\Pipeline->Illuminate\\Pipeline\\{closure}(Object(Illuminate\\Http\\Request))
#40 D:\\Gábor\\Iskola\\12.Osztály\\Webprogramozás\\Laravel_gyorstalpalo\\vendor\\laravel\\framework\\src\\Illuminate\\Pipeline\\Pipeline.php(183): Illuminate\\Foundation\\Http\\Middleware\\PreventRequestsDuringMaintenance->handle(Object(Illuminate\\Http\\Request), Object(Closure))
#41 D:\\Gábor\\Iskola\\12.Osztály\\Webprogramozás\\Laravel_gyorstalpalo\\vendor\\laravel\\framework\\src\\Illuminate\\Http\\Middleware\\HandleCors.php(49): Illuminate\\Pipeline\\Pipeline->Illuminate\\Pipeline\\{closure}(Object(Illuminate\\Http\\Request))
#42 D:\\Gábor\\Iskola\\12.Osztály\\Webprogramozás\\Laravel_gyorstalpalo\\vendor\\laravel\\framework\\src\\Illuminate\\Pipeline\\Pipeline.php(183): Illuminate\\Http\\Middleware\\HandleCors->handle(Object(Illuminate\\Http\\Request), Object(Closure))
#43 D:\\Gábor\\Iskola\\12.Osztály\\Webprogramozás\\Laravel_gyorstalpalo\\vendor\\laravel\\framework\\src\\Illuminate\\Http\\Middleware\\TrustProxies.php(58): Illuminate\\Pipeline\\Pipeline->Illuminate\\Pipeline\\{closure}(Object(Illuminate\\Http\\Request))
#44 D:\\Gábor\\Iskola\\12.Osztály\\Webprogramozás\\Laravel_gyorstalpalo\\vendor\\laravel\\framework\\src\\Illuminate\\Pipeline\\Pipeline.php(183): Illuminate\\Http\\Middleware\\TrustProxies->handle(Object(Illuminate\\Http\\Request), Object(Closure))
#45 D:\\Gábor\\Iskola\\12.Osztály\\Webprogramozás\\Laravel_gyorstalpalo\\vendor\\laravel\\framework\\src\\Illuminate\\Foundation\\Http\\Middleware\\InvokeDeferredCallbacks.php(22): Illuminate\\Pipeline\\Pipeline->Illuminate\\Pipeline\\{closure}(Object(Illuminate\\Http\\Request))
#46 D:\\Gábor\\Iskola\\12.Osztály\\Webprogramozás\\Laravel_gyorstalpalo\\vendor\\laravel\\framework\\src\\Illuminate\\Pipeline\\Pipeline.php(183): Illuminate\\Foundation\\Http\\Middleware\\InvokeDeferredCallbacks->handle(Object(Illuminate\\Http\\Request), Object(Closure))
#47 D:\\Gábor\\Iskola\\12.Osztály\\Webprogramozás\\Laravel_gyorstalpalo\\vendor\\laravel\\framework\\src\\Illuminate\\Pipeline\\Pipeline.php(119): Illuminate\\Pipeline\\Pipeline->Illuminate\\Pipeline\\{closure}(Object(Illuminate\\Http\\Request))
#48 D:\\Gábor\\Iskola\\12.Osztály\\Webprogramozás\\Laravel_gyorstalpalo\\vendor\\laravel\\framework\\src\\Illuminate\\Foundation\\Http\\Kernel.php(176): Illuminate\\Pipeline\\Pipeline->then(Object(Closure))
#49 D:\\Gábor\\Iskola\\12.Osztály\\Webprogramozás\\Laravel_gyorstalpalo\\vendor\\laravel\\framework\\src\\Illuminate\\Foundation\\Http\\Kernel.php(145): Illuminate\\Foundation\\Http\\Kernel->sendRequestThroughRouter(Object(Illuminate\\Http\\Request))
#50 D:\\Gábor\\Iskola\\12.Osztály\\Webprogramozás\\Laravel_gyorstalpalo\\vendor\\laravel\\framework\\src\\Illuminate\\Foundation\\Application.php(1190): Illuminate\\Foundation\\Http\\Kernel->handle(Object(Illuminate\\Http\\Request))
#51 D:\\Gábor\\Iskola\\12.Osztály\\Webprogramozás\\Laravel_gyorstalpalo\\public\\index.php(17): Illuminate\\Foundation\\Application->handleRequest(Object(Illuminate\\Http\\Request))
#52 D:\\Gábor\\Iskola\\12.Osztály\\Webprogramozás\\Laravel_gyorstalpalo\\vendor\\laravel\\framework\\src\\Illuminate\\Foundation\\resources\\server.php(23): require_once('D:\\\\G\\xC3\\xA1bor\\\\Iskol...')
#53 {main}

[previous exception] [object] (InvalidArgumentException(code: 0): View [_error] not found. at D:\\Gábor\\Iskola\\12.Osztály\\Webprogramozás\\Laravel_gyorstalpalo\\vendor\\laravel\\framework\\src\\Illuminate\\View\\FileViewFinder.php:139)
[stacktrace]
#0 D:\\Gábor\\Iskola\\12.Osztály\\Webprogramozás\\Laravel_gyorstalpalo\\vendor\\laravel\\framework\\src\\Illuminate\\View\\FileViewFinder.php(79): Illuminate\\View\\FileViewFinder->findInPaths('_error', Array)
#1 D:\\Gábor\\Iskola\\12.Osztály\\Webprogramozás\\Laravel_gyorstalpalo\\vendor\\laravel\\framework\\src\\Illuminate\\View\\Factory.php(151): Illuminate\\View\\FileViewFinder->find('_error')
#2 D:\\Gábor\\Iskola\\12.Osztály\\Webprogramozás\\Laravel_gyorstalpalo\\storage\\framework\\views\\09fa06e611e6014a7324fdae25198fcd.php(7): Illuminate\\View\\Factory->make('_error', Array)
#3 D:\\Gábor\\Iskola\\12.Osztály\\Webprogramozás\\Laravel_gyorstalpalo\\vendor\\laravel\\framework\\src\\Illuminate\\Filesystem\\Filesystem.php(123): require('D:\\\\G\\xC3\\xA1bor\\\\Iskol...')
#4 D:\\Gábor\\Iskola\\12.Osztály\\Webprogramozás\\Laravel_gyorstalpalo\\vendor\\laravel\\framework\\src\\Illuminate\\Filesystem\\Filesystem.php(124): Illuminate\\Filesystem\\Filesystem::Illuminate\\Filesystem\\{closure}()
#5 D:\\Gábor\\Iskola\\12.Osztály\\Webprogramozás\\Laravel_gyorstalpalo\\vendor\\laravel\\framework\\src\\Illuminate\\View\\Engines\\PhpEngine.php(58): Illuminate\\Filesystem\\Filesystem->getRequire('D:\\\\G\\xC3\\xA1bor\\\\Iskol...', Array)
#6 D:\\Gábor\\Iskola\\12.Osztály\\Webprogramozás\\Laravel_gyorstalpalo\\vendor\\laravel\\framework\\src\\Illuminate\\View\\Engines\\CompilerEngine.php(75): Illuminate\\View\\Engines\\PhpEngine->evaluatePath('D:\\\\G\\xC3\\xA1bor\\\\Iskol...', Array)
#7 D:\\Gábor\\Iskola\\12.Osztály\\Webprogramozás\\Laravel_gyorstalpalo\\vendor\\laravel\\framework\\src\\Illuminate\\View\\View.php(209): Illuminate\\View\\Engines\\CompilerEngine->get('D:\\\\G\\xC3\\xA1bor\\\\Iskol...', Array)
#8 D:\\Gábor\\Iskola\\12.Osztály\\Webprogramozás\\Laravel_gyorstalpalo\\vendor\\laravel\\framework\\src\\Illuminate\\View\\View.php(192): Illuminate\\View\\View->getContents()
#9 D:\\Gábor\\Iskola\\12.Osztály\\Webprogramozás\\Laravel_gyorstalpalo\\vendor\\laravel\\framework\\src\\Illuminate\\View\\View.php(161): Illuminate\\View\\View->renderContents()
#10 D:\\Gábor\\Iskola\\12.Osztály\\Webprogramozás\\Laravel_gyorstalpalo\\vendor\\laravel\\framework\\src\\Illuminate\\Http\\Response.php(79): Illuminate\\View\\View->render()
#11 D:\\Gábor\\Iskola\\12.Osztály\\Webprogramozás\\Laravel_gyorstalpalo\\vendor\\laravel\\framework\\src\\Illuminate\\Http\\Response.php(35): Illuminate\\Http\\Response->setContent(Object(Illuminate\\View\\View))
#12 D:\\Gábor\\Iskola\\12.Osztály\\Webprogramozás\\Laravel_gyorstalpalo\\vendor\\laravel\\framework\\src\\Illuminate\\Routing\\Router.php(920): Illuminate\\Http\\Response->__construct(Object(Illuminate\\View\\View), 200, Array)
#13 D:\\Gábor\\Iskola\\12.Osztály\\Webprogramozás\\Laravel_gyorstalpalo\\vendor\\laravel\\framework\\src\\Illuminate\\Routing\\Router.php(887): Illuminate\\Routing\\Router::toResponse(Object(Illuminate\\Http\\Request), Object(Illuminate\\View\\View))
#14 D:\\Gábor\\Iskola\\12.Osztály\\Webprogramozás\\Laravel_gyorstalpalo\\vendor\\laravel\\framework\\src\\Illuminate\\Routing\\Router.php(807): Illuminate\\Routing\\Router->prepareResponse(Object(Illuminate\\Http\\Request), Object(Illuminate\\View\\View))
#15 D:\\Gábor\\Iskola\\12.Osztály\\Webprogramozás\\Laravel_gyorstalpalo\\vendor\\laravel\\framework\\src\\Illuminate\\Pipeline\\Pipeline.php(144): Illuminate\\Routing\\Router->Illuminate\\Routing\\{closure}(Object(Illuminate\\Http\\Request))
#16 D:\\Gábor\\Iskola\\12.Osztály\\Webprogramozás\\Laravel_gyorstalpalo\\vendor\\laravel\\framework\\src\\Illuminate\\Routing\\Middleware\\SubstituteBindings.php(51): Illuminate\\Pipeline\\Pipeline->Illuminate\\Pipeline\\{closure}(Object(Illuminate\\Http\\Request))
#17 D:\\Gábor\\Iskola\\12.Osztály\\Webprogramozás\\Laravel_gyorstalpalo\\vendor\\laravel\\framework\\src\\Illuminate\\Pipeline\\Pipeline.php(183): Illuminate\\Routing\\Middleware\\SubstituteBindings->handle(Object(Illuminate\\Http\\Request), Object(Closure))
#18 D:\\Gábor\\Iskola\\12.Osztály\\Webprogramozás\\Laravel_gyorstalpalo\\vendor\\laravel\\framework\\src\\Illuminate\\Foundation\\Http\\Middleware\\VerifyCsrfToken.php(88): Illuminate\\Pipeline\\Pipeline->Illuminate\\Pipeline\\{closure}(Object(Illuminate\\Http\\Request))
#19 D:\\Gábor\\Iskola\\12.Osztály\\Webprogramozás\\Laravel_gyorstalpalo\\vendor\\laravel\\framework\\src\\Illuminate\\Pipeline\\Pipeline.php(183): Illuminate\\Foundation\\Http\\Middleware\\VerifyCsrfToken->handle(Object(Illuminate\\Http\\Request), Object(Closure))
#20 D:\\Gábor\\Iskola\\12.Osztály\\Webprogramozás\\Laravel_gyorstalpalo\\vendor\\laravel\\framework\\src\\Illuminate\\View\\Middleware\\ShareErrorsFromSession.php(49): Illuminate\\Pipeline\\Pipeline->Illuminate\\Pipeline\\{closure}(Object(Illuminate\\Http\\Request))
#21 D:\\Gábor\\Iskola\\12.Osztály\\Webprogramozás\\Laravel_gyorstalpalo\\vendor\\laravel\\framework\\src\\Illuminate\\Pipeline\\Pipeline.php(183): Illuminate\\View\\Middleware\\ShareErrorsFromSession->handle(Object(Illuminate\\Http\\Request), Object(Closure))
#22 D:\\Gábor\\Iskola\\12.Osztály\\Webprogramozás\\Laravel_gyorstalpalo\\vendor\\laravel\\framework\\src\\Illuminate\\Session\\Middleware\\StartSession.php(121): Illuminate\\Pipeline\\Pipeline->Illuminate\\Pipeline\\{closure}(Object(Illuminate\\Http\\Request))
#23 D:\\Gábor\\Iskola\\12.Osztály\\Webprogramozás\\Laravel_gyorstalpalo\\vendor\\laravel\\framework\\src\\Illuminate\\Session\\Middleware\\StartSession.php(64): Illuminate\\Session\\Middleware\\StartSession->handleStatefulRequest(Object(Illuminate\\Http\\Request), Object(Illuminate\\Session\\Store), Object(Closure))
#24 D:\\Gábor\\Iskola\\12.Osztály\\Webprogramozás\\Laravel_gyorstalpalo\\vendor\\laravel\\framework\\src\\Illuminate\\Pipeline\\Pipeline.php(183): Illuminate\\Session\\Middleware\\StartSession->handle(Object(Illuminate\\Http\\Request), Object(Closure))
#25 D:\\Gábor\\Iskola\\12.Osztály\\Webprogramozás\\Laravel_gyorstalpalo\\vendor\\laravel\\framework\\src\\Illuminate\\Cookie\\Middleware\\AddQueuedCookiesToResponse.php(37): Illuminate\\Pipeline\\Pipeline->Illuminate\\Pipeline\\{closure}(Object(Illuminate\\Http\\Request))
#26 D:\\Gábor\\Iskola\\12.Osztály\\Webprogramozás\\Laravel_gyorstalpalo\\vendor\\laravel\\framework\\src\\Illuminate\\Pipeline\\Pipeline.php(183): Illuminate\\Cookie\\Middleware\\AddQueuedCookiesToResponse->handle(Object(Illuminate\\Http\\Request), Object(Closure))
#27 D:\\Gábor\\Iskola\\12.Osztály\\Webprogramozás\\Laravel_gyorstalpalo\\vendor\\laravel\\framework\\src\\Illuminate\\Cookie\\Middleware\\EncryptCookies.php(75): Illuminate\\Pipeline\\Pipeline->Illuminate\\Pipeline\\{closure}(Object(Illuminate\\Http\\Request))
#28 D:\\Gábor\\Iskola\\12.Osztály\\Webprogramozás\\Laravel_gyorstalpalo\\vendor\\laravel\\framework\\src\\Illuminate\\Pipeline\\Pipeline.php(183): Illuminate\\Cookie\\Middleware\\EncryptCookies->handle(Object(Illuminate\\Http\\Request), Object(Closure))
#29 D:\\Gábor\\Iskola\\12.Osztály\\Webprogramozás\\Laravel_gyorstalpalo\\vendor\\laravel\\framework\\src\\Illuminate\\Pipeline\\Pipeline.php(119): Illuminate\\Pipeline\\Pipeline->Illuminate\\Pipeline\\{closure}(Object(Illuminate\\Http\\Request))
#30 D:\\Gábor\\Iskola\\12.Osztály\\Webprogramozás\\Laravel_gyorstalpalo\\vendor\\laravel\\framework\\src\\Illuminate\\Routing\\Router.php(807): Illuminate\\Pipeline\\Pipeline->then(Object(Closure))
#31 D:\\Gábor\\Iskola\\12.Osztály\\Webprogramozás\\Laravel_gyorstalpalo\\vendor\\laravel\\framework\\src\\Illuminate\\Routing\\Router.php(786): Illuminate\\Routing\\Router->runRouteWithinStack(Object(Illuminate\\Routing\\Route), Object(Illuminate\\Http\\Request))
#32 D:\\Gábor\\Iskola\\12.Osztály\\Webprogramozás\\Laravel_gyorstalpalo\\vendor\\laravel\\framework\\src\\Illuminate\\Routing\\Router.php(750): Illuminate\\Routing\\Router->runRoute(Object(Illuminate\\Http\\Request), Object(Illuminate\\Routing\\Route))
#33 D:\\Gábor\\Iskola\\12.Osztály\\Webprogramozás\\Laravel_gyorstalpalo\\vendor\\laravel\\framework\\src\\Illuminate\\Routing\\Router.php(739): Illuminate\\Routing\\Router->dispatchToRoute(Object(Illuminate\\Http\\Request))
#34 D:\\Gábor\\Iskola\\12.Osztály\\Webprogramozás\\Laravel_gyorstalpalo\\vendor\\laravel\\framework\\src\\Illuminate\\Foundation\\Http\\Kernel.php(201): Illuminate\\Routing\\Router->dispatch(Object(Illuminate\\Http\\Request))
#35 D:\\Gábor\\Iskola\\12.Osztály\\Webprogramozás\\Laravel_gyorstalpalo\\vendor\\laravel\\framework\\src\\Illuminate\\Pipeline\\Pipeline.php(144): Illuminate\\Foundation\\Http\\Kernel->Illuminate\\Foundation\\Http\\{closure}(Object(Illuminate\\Http\\Request))
#36 D:\\Gábor\\Iskola\\12.Osztály\\Webprogramozás\\Laravel_gyorstalpalo\\vendor\\laravel\\framework\\src\\Illuminate\\Foundation\\Http\\Middleware\\TransformsRequest.php(21): Illuminate\\Pipeline\\Pipeline->Illuminate\\Pipeline\\{closure}(Object(Illuminate\\Http\\Request))
#37 D:\\Gábor\\Iskola\\12.Osztály\\Webprogramozás\\Laravel_gyorstalpalo\\vendor\\laravel\\framework\\src\\Illuminate\\Foundation\\Http\\Middleware\\ConvertEmptyStringsToNull.php(31): Illuminate\\Foundation\\Http\\Middleware\\TransformsRequest->handle(Object(Illuminate\\Http\\Request), Object(Closure))
#38 D:\\Gábor\\Iskola\\12.Osztály\\Webprogramozás\\Laravel_gyorstalpalo\\vendor\\laravel\\framework\\src\\Illuminate\\Pipeline\\Pipeline.php(183): Illuminate\\Foundation\\Http\\Middleware\\ConvertEmptyStringsToNull->handle(Object(Illuminate\\Http\\Request), Object(Closure))
#39 D:\\Gábor\\Iskola\\12.Osztály\\Webprogramozás\\Laravel_gyorstalpalo\\vendor\\laravel\\framework\\src\\Illuminate\\Foundation\\Http\\Middleware\\TransformsRequest.php(21): Illuminate\\Pipeline\\Pipeline->Illuminate\\Pipeline\\{closure}(Object(Illuminate\\Http\\Request))
#40 D:\\Gábor\\Iskola\\12.Osztály\\Webprogramozás\\Laravel_gyorstalpalo\\vendor\\laravel\\framework\\src\\Illuminate\\Foundation\\Http\\Middleware\\TrimStrings.php(51): Illuminate\\Foundation\\Http\\Middleware\\TransformsRequest->handle(Object(Illuminate\\Http\\Request), Object(Closure))
#41 D:\\Gábor\\Iskola\\12.Osztály\\Webprogramozás\\Laravel_gyorstalpalo\\vendor\\laravel\\framework\\src\\Illuminate\\Pipeline\\Pipeline.php(183): Illuminate\\Foundation\\Http\\Middleware\\TrimStrings->handle(Object(Illuminate\\Http\\Request), Object(Closure))
#42 D:\\Gábor\\Iskola\\12.Osztály\\Webprogramozás\\Laravel_gyorstalpalo\\vendor\\laravel\\framework\\src\\Illuminate\\Http\\Middleware\\ValidatePostSize.php(27): Illuminate\\Pipeline\\Pipeline->Illuminate\\Pipeline\\{closure}(Object(Illuminate\\Http\\Request))
#43 D:\\Gábor\\Iskola\\12.Osztály\\Webprogramozás\\Laravel_gyorstalpalo\\vendor\\laravel\\framework\\src\\Illuminate\\Pipeline\\Pipeline.php(183): Illuminate\\Http\\Middleware\\ValidatePostSize->handle(Object(Illuminate\\Http\\Request), Object(Closure))
#44 D:\\Gábor\\Iskola\\12.Osztály\\Webprogramozás\\Laravel_gyorstalpalo\\vendor\\laravel\\framework\\src\\Illuminate\\Foundation\\Http\\Middleware\\PreventRequestsDuringMaintenance.php(110): Illuminate\\Pipeline\\Pipeline->Illuminate\\Pipeline\\{closure}(Object(Illuminate\\Http\\Request))
#45 D:\\Gábor\\Iskola\\12.Osztály\\Webprogramozás\\Laravel_gyorstalpalo\\vendor\\laravel\\framework\\src\\Illuminate\\Pipeline\\Pipeline.php(183): Illuminate\\Foundation\\Http\\Middleware\\PreventRequestsDuringMaintenance->handle(Object(Illuminate\\Http\\Request), Object(Closure))
#46 D:\\Gábor\\Iskola\\12.Osztály\\Webprogramozás\\Laravel_gyorstalpalo\\vendor\\laravel\\framework\\src\\Illuminate\\Http\\Middleware\\HandleCors.php(49): Illuminate\\Pipeline\\Pipeline->Illuminate\\Pipeline\\{closure}(Object(Illuminate\\Http\\Request))
#47 D:\\Gábor\\Iskola\\12.Osztály\\Webprogramozás\\Laravel_gyorstalpalo\\vendor\\laravel\\framework\\src\\Illuminate\\Pipeline\\Pipeline.php(183): Illuminate\\Http\\Middleware\\HandleCors->handle(Object(Illuminate\\Http\\Request), Object(Closure))
#48 D:\\Gábor\\Iskola\\12.Osztály\\Webprogramozás\\Laravel_gyorstalpalo\\vendor\\laravel\\framework\\src\\Illuminate\\Http\\Middleware\\TrustProxies.php(58): Illuminate\\Pipeline\\Pipeline->Illuminate\\Pipeline\\{closure}(Object(Illuminate\\Http\\Request))
#49 D:\\Gábor\\Iskola\\12.Osztály\\Webprogramozás\\Laravel_gyorstalpalo\\vendor\\laravel\\framework\\src\\Illuminate\\Pipeline\\Pipeline.php(183): Illuminate\\Http\\Middleware\\TrustProxies->handle(Object(Illuminate\\Http\\Request), Object(Closure))
#50 D:\\Gábor\\Iskola\\12.Osztály\\Webprogramozás\\Laravel_gyorstalpalo\\vendor\\laravel\\framework\\src\\Illuminate\\Foundation\\Http\\Middleware\\InvokeDeferredCallbacks.php(22): Illuminate\\Pipeline\\Pipeline->Illuminate\\Pipeline\\{closure}(Object(Illuminate\\Http\\Request))
#51 D:\\Gábor\\Iskola\\12.Osztály\\Webprogramozás\\Laravel_gyorstalpalo\\vendor\\laravel\\framework\\src\\Illuminate\\Pipeline\\Pipeline.php(183): Illuminate\\Foundation\\Http\\Middleware\\InvokeDeferredCallbacks->handle(Object(Illuminate\\Http\\Request), Object(Closure))
#52 D:\\Gábor\\Iskola\\12.Osztály\\Webprogramozás\\Laravel_gyorstalpalo\\vendor\\laravel\\framework\\src\\Illuminate\\Pipeline\\Pipeline.php(119): Illuminate\\Pipeline\\Pipeline->Illuminate\\Pipeline\\{closure}(Object(Illuminate\\Http\\Request))
#53 D:\\Gábor\\Iskola\\12.Osztály\\Webprogramozás\\Laravel_gyorstalpalo\\vendor\\laravel\\framework\\src\\Illuminate\\Foundation\\Http\\Kernel.php(176): Illuminate\\Pipeline\\Pipeline->then(Object(Closure))
#54 D:\\Gábor\\Iskola\\12.Osztály\\Webprogramozás\\Laravel_gyorstalpalo\\vendor\\laravel\\framework\\src\\Illuminate\\Foundation\\Http\\Kernel.php(145): Illuminate\\Foundation\\Http\\Kernel->sendRequestThroughRouter(Object(Illuminate\\Http\\Request))
#55 D:\\Gábor\\Iskola\\12.Osztály\\Webprogramozás\\Laravel_gyorstalpalo\\vendor\\laravel\\framework\\src\\Illuminate\\Foundation\\Application.php(1190): Illuminate\\Foundation\\Http\\Kernel->handle(Object(Illuminate\\Http\\Request))
#56 D:\\Gábor\\Iskola\\12.Osztály\\Webprogramozás\\Laravel_gyorstalpalo\\public\\index.php(17): Illuminate\\Foundation\\Application->handleRequest(Object(Illuminate\\Http\\Request))
#57 D:\\Gábor\\Iskola\\12.Osztály\\Webprogramozás\\Laravel_gyorstalpalo\\vendor\\laravel\\framework\\src\\Illuminate\\Foundation\\resources\\server.php(23): require_once('D:\\\\G\\xC3\\xA1bor\\\\Iskol...')
#58 {main}
"} 
[2025-01-13 10:34:10] local.ERROR: Class "App\Http\Controllers\Category" not found {"exception":"[object] (Error(code: 0): Class \"App\\Http\\Controllers\\Category\" not found at D:\\Gábor\\Iskola\\12.Osztály\\Webprogramozás\\Laravel_gyorstalpalo\\app\\Http\\Controllers\\CategoriesController.php:30)
[stacktrace]
#0 D:\\Gábor\\Iskola\\12.Osztály\\Webprogramozás\\Laravel_gyorstalpalo\\vendor\\laravel\\framework\\src\\Illuminate\\Routing\\ControllerDispatcher.php(47): App\\Http\\Controllers\\CategoriesController->store(Object(Illuminate\\Http\\Request))
#1 D:\\Gábor\\Iskola\\12.Osztály\\Webprogramozás\\Laravel_gyorstalpalo\\vendor\\laravel\\framework\\src\\Illuminate\\Routing\\Route.php(266): Illuminate\\Routing\\ControllerDispatcher->dispatch(Object(Illuminate\\Routing\\Route), Object(App\\Http\\Controllers\\CategoriesController), 'store')
#2 D:\\Gábor\\Iskola\\12.Osztály\\Webprogramozás\\Laravel_gyorstalpalo\\vendor\\laravel\\framework\\src\\Illuminate\\Routing\\Route.php(212): Illuminate\\Routing\\Route->runController()
#3 D:\\Gábor\\Iskola\\12.Osztály\\Webprogramozás\\Laravel_gyorstalpalo\\vendor\\laravel\\framework\\src\\Illuminate\\Routing\\Router.php(808): Illuminate\\Routing\\Route->run()
#4 D:\\Gábor\\Iskola\\12.Osztály\\Webprogramozás\\Laravel_gyorstalpalo\\vendor\\laravel\\framework\\src\\Illuminate\\Pipeline\\Pipeline.php(144): Illuminate\\Routing\\Router->Illuminate\\Routing\\{closure}(Object(Illuminate\\Http\\Request))
#5 D:\\Gábor\\Iskola\\12.Osztály\\Webprogramozás\\Laravel_gyorstalpalo\\vendor\\laravel\\framework\\src\\Illuminate\\Routing\\Middleware\\SubstituteBindings.php(51): Illuminate\\Pipeline\\Pipeline->Illuminate\\Pipeline\\{closure}(Object(Illuminate\\Http\\Request))
#6 D:\\Gábor\\Iskola\\12.Osztály\\Webprogramozás\\Laravel_gyorstalpalo\\vendor\\laravel\\framework\\src\\Illuminate\\Pipeline\\Pipeline.php(183): Illuminate\\Routing\\Middleware\\SubstituteBindings->handle(Object(Illuminate\\Http\\Request), Object(Closure))
#7 D:\\Gábor\\Iskola\\12.Osztály\\Webprogramozás\\Laravel_gyorstalpalo\\vendor\\laravel\\framework\\src\\Illuminate\\Foundation\\Http\\Middleware\\VerifyCsrfToken.php(88): Illuminate\\Pipeline\\Pipeline->Illuminate\\Pipeline\\{closure}(Object(Illuminate\\Http\\Request))
#8 D:\\Gábor\\Iskola\\12.Osztály\\Webprogramozás\\Laravel_gyorstalpalo\\vendor\\laravel\\framework\\src\\Illuminate\\Pipeline\\Pipeline.php(183): Illuminate\\Foundation\\Http\\Middleware\\VerifyCsrfToken->handle(Object(Illuminate\\Http\\Request), Object(Closure))
#9 D:\\Gábor\\Iskola\\12.Osztály\\Webprogramozás\\Laravel_gyorstalpalo\\vendor\\laravel\\framework\\src\\Illuminate\\View\\Middleware\\ShareErrorsFromSession.php(49): Illuminate\\Pipeline\\Pipeline->Illuminate\\Pipeline\\{closure}(Object(Illuminate\\Http\\Request))
#10 D:\\Gábor\\Iskola\\12.Osztály\\Webprogramozás\\Laravel_gyorstalpalo\\vendor\\laravel\\framework\\src\\Illuminate\\Pipeline\\Pipeline.php(183): Illuminate\\View\\Middleware\\ShareErrorsFromSession->handle(Object(Illuminate\\Http\\Request), Object(Closure))
#11 D:\\Gábor\\Iskola\\12.Osztály\\Webprogramozás\\Laravel_gyorstalpalo\\vendor\\laravel\\framework\\src\\Illuminate\\Session\\Middleware\\StartSession.php(121): Illuminate\\Pipeline\\Pipeline->Illuminate\\Pipeline\\{closure}(Object(Illuminate\\Http\\Request))
#12 D:\\Gábor\\Iskola\\12.Osztály\\Webprogramozás\\Laravel_gyorstalpalo\\vendor\\laravel\\framework\\src\\Illuminate\\Session\\Middleware\\StartSession.php(64): Illuminate\\Session\\Middleware\\StartSession->handleStatefulRequest(Object(Illuminate\\Http\\Request), Object(Illuminate\\Session\\Store), Object(Closure))
#13 D:\\Gábor\\Iskola\\12.Osztály\\Webprogramozás\\Laravel_gyorstalpalo\\vendor\\laravel\\framework\\src\\Illuminate\\Pipeline\\Pipeline.php(183): Illuminate\\Session\\Middleware\\StartSession->handle(Object(Illuminate\\Http\\Request), Object(Closure))
#14 D:\\Gábor\\Iskola\\12.Osztály\\Webprogramozás\\Laravel_gyorstalpalo\\vendor\\laravel\\framework\\src\\Illuminate\\Cookie\\Middleware\\AddQueuedCookiesToResponse.php(37): Illuminate\\Pipeline\\Pipeline->Illuminate\\Pipeline\\{closure}(Object(Illuminate\\Http\\Request))
#15 D:\\Gábor\\Iskola\\12.Osztály\\Webprogramozás\\Laravel_gyorstalpalo\\vendor\\laravel\\framework\\src\\Illuminate\\Pipeline\\Pipeline.php(183): Illuminate\\Cookie\\Middleware\\AddQueuedCookiesToResponse->handle(Object(Illuminate\\Http\\Request), Object(Closure))
#16 D:\\Gábor\\Iskola\\12.Osztály\\Webprogramozás\\Laravel_gyorstalpalo\\vendor\\laravel\\framework\\src\\Illuminate\\Cookie\\Middleware\\EncryptCookies.php(75): Illuminate\\Pipeline\\Pipeline->Illuminate\\Pipeline\\{closure}(Object(Illuminate\\Http\\Request))
#17 D:\\Gábor\\Iskola\\12.Osztály\\Webprogramozás\\Laravel_gyorstalpalo\\vendor\\laravel\\framework\\src\\Illuminate\\Pipeline\\Pipeline.php(183): Illuminate\\Cookie\\Middleware\\EncryptCookies->handle(Object(Illuminate\\Http\\Request), Object(Closure))
#18 D:\\Gábor\\Iskola\\12.Osztály\\Webprogramozás\\Laravel_gyorstalpalo\\vendor\\laravel\\framework\\src\\Illuminate\\Pipeline\\Pipeline.php(119): Illuminate\\Pipeline\\Pipeline->Illuminate\\Pipeline\\{closure}(Object(Illuminate\\Http\\Request))
#19 D:\\Gábor\\Iskola\\12.Osztály\\Webprogramozás\\Laravel_gyorstalpalo\\vendor\\laravel\\framework\\src\\Illuminate\\Routing\\Router.php(807): Illuminate\\Pipeline\\Pipeline->then(Object(Closure))
#20 D:\\Gábor\\Iskola\\12.Osztály\\Webprogramozás\\Laravel_gyorstalpalo\\vendor\\laravel\\framework\\src\\Illuminate\\Routing\\Router.php(786): Illuminate\\Routing\\Router->runRouteWithinStack(Object(Illuminate\\Routing\\Route), Object(Illuminate\\Http\\Request))
#21 D:\\Gábor\\Iskola\\12.Osztály\\Webprogramozás\\Laravel_gyorstalpalo\\vendor\\laravel\\framework\\src\\Illuminate\\Routing\\Router.php(750): Illuminate\\Routing\\Router->runRoute(Object(Illuminate\\Http\\Request), Object(Illuminate\\Routing\\Route))
#22 D:\\Gábor\\Iskola\\12.Osztály\\Webprogramozás\\Laravel_gyorstalpalo\\vendor\\laravel\\framework\\src\\Illuminate\\Routing\\Router.php(739): Illuminate\\Routing\\Router->dispatchToRoute(Object(Illuminate\\Http\\Request))
#23 D:\\Gábor\\Iskola\\12.Osztály\\Webprogramozás\\Laravel_gyorstalpalo\\vendor\\laravel\\framework\\src\\Illuminate\\Foundation\\Http\\Kernel.php(201): Illuminate\\Routing\\Router->dispatch(Object(Illuminate\\Http\\Request))
#24 D:\\Gábor\\Iskola\\12.Osztály\\Webprogramozás\\Laravel_gyorstalpalo\\vendor\\laravel\\framework\\src\\Illuminate\\Pipeline\\Pipeline.php(144): Illuminate\\Foundation\\Http\\Kernel->Illuminate\\Foundation\\Http\\{closure}(Object(Illuminate\\Http\\Request))
#25 D:\\Gábor\\Iskola\\12.Osztály\\Webprogramozás\\Laravel_gyorstalpalo\\vendor\\laravel\\framework\\src\\Illuminate\\Foundation\\Http\\Middleware\\TransformsRequest.php(21): Illuminate\\Pipeline\\Pipeline->Illuminate\\Pipeline\\{closure}(Object(Illuminate\\Http\\Request))
#26 D:\\Gábor\\Iskola\\12.Osztály\\Webprogramozás\\Laravel_gyorstalpalo\\vendor\\laravel\\framework\\src\\Illuminate\\Foundation\\Http\\Middleware\\ConvertEmptyStringsToNull.php(31): Illuminate\\Foundation\\Http\\Middleware\\TransformsRequest->handle(Object(Illuminate\\Http\\Request), Object(Closure))
#27 D:\\Gábor\\Iskola\\12.Osztály\\Webprogramozás\\Laravel_gyorstalpalo\\vendor\\laravel\\framework\\src\\Illuminate\\Pipeline\\Pipeline.php(183): Illuminate\\Foundation\\Http\\Middleware\\ConvertEmptyStringsToNull->handle(Object(Illuminate\\Http\\Request), Object(Closure))
#28 D:\\Gábor\\Iskola\\12.Osztály\\Webprogramozás\\Laravel_gyorstalpalo\\vendor\\laravel\\framework\\src\\Illuminate\\Foundation\\Http\\Middleware\\TransformsRequest.php(21): Illuminate\\Pipeline\\Pipeline->Illuminate\\Pipeline\\{closure}(Object(Illuminate\\Http\\Request))
#29 D:\\Gábor\\Iskola\\12.Osztály\\Webprogramozás\\Laravel_gyorstalpalo\\vendor\\laravel\\framework\\src\\Illuminate\\Foundation\\Http\\Middleware\\TrimStrings.php(51): Illuminate\\Foundation\\Http\\Middleware\\TransformsRequest->handle(Object(Illuminate\\Http\\Request), Object(Closure))
#30 D:\\Gábor\\Iskola\\12.Osztály\\Webprogramozás\\Laravel_gyorstalpalo\\vendor\\laravel\\framework\\src\\Illuminate\\Pipeline\\Pipeline.php(183): Illuminate\\Foundation\\Http\\Middleware\\TrimStrings->handle(Object(Illuminate\\Http\\Request), Object(Closure))
#31 D:\\Gábor\\Iskola\\12.Osztály\\Webprogramozás\\Laravel_gyorstalpalo\\vendor\\laravel\\framework\\src\\Illuminate\\Http\\Middleware\\ValidatePostSize.php(27): Illuminate\\Pipeline\\Pipeline->Illuminate\\Pipeline\\{closure}(Object(Illuminate\\Http\\Request))
#32 D:\\Gábor\\Iskola\\12.Osztály\\Webprogramozás\\Laravel_gyorstalpalo\\vendor\\laravel\\framework\\src\\Illuminate\\Pipeline\\Pipeline.php(183): Illuminate\\Http\\Middleware\\ValidatePostSize->handle(Object(Illuminate\\Http\\Request), Object(Closure))
#33 D:\\Gábor\\Iskola\\12.Osztály\\Webprogramozás\\Laravel_gyorstalpalo\\vendor\\laravel\\framework\\src\\Illuminate\\Foundation\\Http\\Middleware\\PreventRequestsDuringMaintenance.php(110): Illuminate\\Pipeline\\Pipeline->Illuminate\\Pipeline\\{closure}(Object(Illuminate\\Http\\Request))
#34 D:\\Gábor\\Iskola\\12.Osztály\\Webprogramozás\\Laravel_gyorstalpalo\\vendor\\laravel\\framework\\src\\Illuminate\\Pipeline\\Pipeline.php(183): Illuminate\\Foundation\\Http\\Middleware\\PreventRequestsDuringMaintenance->handle(Object(Illuminate\\Http\\Request), Object(Closure))
#35 D:\\Gábor\\Iskola\\12.Osztály\\Webprogramozás\\Laravel_gyorstalpalo\\vendor\\laravel\\framework\\src\\Illuminate\\Http\\Middleware\\HandleCors.php(49): Illuminate\\Pipeline\\Pipeline->Illuminate\\Pipeline\\{closure}(Object(Illuminate\\Http\\Request))
#36 D:\\Gábor\\Iskola\\12.Osztály\\Webprogramozás\\Laravel_gyorstalpalo\\vendor\\laravel\\framework\\src\\Illuminate\\Pipeline\\Pipeline.php(183): Illuminate\\Http\\Middleware\\HandleCors->handle(Object(Illuminate\\Http\\Request), Object(Closure))
#37 D:\\Gábor\\Iskola\\12.Osztály\\Webprogramozás\\Laravel_gyorstalpalo\\vendor\\laravel\\framework\\src\\Illuminate\\Http\\Middleware\\TrustProxies.php(58): Illuminate\\Pipeline\\Pipeline->Illuminate\\Pipeline\\{closure}(Object(Illuminate\\Http\\Request))
#38 D:\\Gábor\\Iskola\\12.Osztály\\Webprogramozás\\Laravel_gyorstalpalo\\vendor\\laravel\\framework\\src\\Illuminate\\Pipeline\\Pipeline.php(183): Illuminate\\Http\\Middleware\\TrustProxies->handle(Object(Illuminate\\Http\\Request), Object(Closure))
#39 D:\\Gábor\\Iskola\\12.Osztály\\Webprogramozás\\Laravel_gyorstalpalo\\vendor\\laravel\\framework\\src\\Illuminate\\Foundation\\Http\\Middleware\\InvokeDeferredCallbacks.php(22): Illuminate\\Pipeline\\Pipeline->Illuminate\\Pipeline\\{closure}(Object(Illuminate\\Http\\Request))
#40 D:\\Gábor\\Iskola\\12.Osztály\\Webprogramozás\\Laravel_gyorstalpalo\\vendor\\laravel\\framework\\src\\Illuminate\\Pipeline\\Pipeline.php(183): Illuminate\\Foundation\\Http\\Middleware\\InvokeDeferredCallbacks->handle(Object(Illuminate\\Http\\Request), Object(Closure))
#41 D:\\Gábor\\Iskola\\12.Osztály\\Webprogramozás\\Laravel_gyorstalpalo\\vendor\\laravel\\framework\\src\\Illuminate\\Pipeline\\Pipeline.php(119): Illuminate\\Pipeline\\Pipeline->Illuminate\\Pipeline\\{closure}(Object(Illuminate\\Http\\Request))
#42 D:\\Gábor\\Iskola\\12.Osztály\\Webprogramozás\\Laravel_gyorstalpalo\\vendor\\laravel\\framework\\src\\Illuminate\\Foundation\\Http\\Kernel.php(176): Illuminate\\Pipeline\\Pipeline->then(Object(Closure))
#43 D:\\Gábor\\Iskola\\12.Osztály\\Webprogramozás\\Laravel_gyorstalpalo\\vendor\\laravel\\framework\\src\\Illuminate\\Foundation\\Http\\Kernel.php(145): Illuminate\\Foundation\\Http\\Kernel->sendRequestThroughRouter(Object(Illuminate\\Http\\Request))
#44 D:\\Gábor\\Iskola\\12.Osztály\\Webprogramozás\\Laravel_gyorstalpalo\\vendor\\laravel\\framework\\src\\Illuminate\\Foundation\\Application.php(1190): Illuminate\\Foundation\\Http\\Kernel->handle(Object(Illuminate\\Http\\Request))
#45 D:\\Gábor\\Iskola\\12.Osztály\\Webprogramozás\\Laravel_gyorstalpalo\\public\\index.php(17): Illuminate\\Foundation\\Application->handleRequest(Object(Illuminate\\Http\\Request))
#46 D:\\Gábor\\Iskola\\12.Osztály\\Webprogramozás\\Laravel_gyorstalpalo\\vendor\\laravel\\framework\\src\\Illuminate\\Foundation\\resources\\server.php(23): require_once('D:\\\\G\\xC3\\xA1bor\\\\Iskol...')
#47 {main}
"} 
[2025-01-13 10:36:50] local.ERROR: Class "App\Http\Controllers\Category" not found {"exception":"[object] (Error(code: 0): Class \"App\\Http\\Controllers\\Category\" not found at D:\\Gábor\\Iskola\\12.Osztály\\Webprogramozás\\Laravel_gyorstalpalo\\app\\Http\\Controllers\\CategoriesController.php:33)
[stacktrace]
#0 D:\\Gábor\\Iskola\\12.Osztály\\Webprogramozás\\Laravel_gyorstalpalo\\vendor\\laravel\\framework\\src\\Illuminate\\Routing\\ControllerDispatcher.php(47): App\\Http\\Controllers\\CategoriesController->store(Object(Illuminate\\Http\\Request))
#1 D:\\Gábor\\Iskola\\12.Osztály\\Webprogramozás\\Laravel_gyorstalpalo\\vendor\\laravel\\framework\\src\\Illuminate\\Routing\\Route.php(266): Illuminate\\Routing\\ControllerDispatcher->dispatch(Object(Illuminate\\Routing\\Route), Object(App\\Http\\Controllers\\CategoriesController), 'store')
#2 D:\\Gábor\\Iskola\\12.Osztály\\Webprogramozás\\Laravel_gyorstalpalo\\vendor\\laravel\\framework\\src\\Illuminate\\Routing\\Route.php(212): Illuminate\\Routing\\Route->runController()
#3 D:\\Gábor\\Iskola\\12.Osztály\\Webprogramozás\\Laravel_gyorstalpalo\\vendor\\laravel\\framework\\src\\Illuminate\\Routing\\Router.php(808): Illuminate\\Routing\\Route->run()
#4 D:\\Gábor\\Iskola\\12.Osztály\\Webprogramozás\\Laravel_gyorstalpalo\\vendor\\laravel\\framework\\src\\Illuminate\\Pipeline\\Pipeline.php(144): Illuminate\\Routing\\Router->Illuminate\\Routing\\{closure}(Object(Illuminate\\Http\\Request))
#5 D:\\Gábor\\Iskola\\12.Osztály\\Webprogramozás\\Laravel_gyorstalpalo\\vendor\\laravel\\framework\\src\\Illuminate\\Routing\\Middleware\\SubstituteBindings.php(51): Illuminate\\Pipeline\\Pipeline->Illuminate\\Pipeline\\{closure}(Object(Illuminate\\Http\\Request))
#6 D:\\Gábor\\Iskola\\12.Osztály\\Webprogramozás\\Laravel_gyorstalpalo\\vendor\\laravel\\framework\\src\\Illuminate\\Pipeline\\Pipeline.php(183): Illuminate\\Routing\\Middleware\\SubstituteBindings->handle(Object(Illuminate\\Http\\Request), Object(Closure))
#7 D:\\Gábor\\Iskola\\12.Osztály\\Webprogramozás\\Laravel_gyorstalpalo\\vendor\\laravel\\framework\\src\\Illuminate\\Foundation\\Http\\Middleware\\VerifyCsrfToken.php(88): Illuminate\\Pipeline\\Pipeline->Illuminate\\Pipeline\\{closure}(Object(Illuminate\\Http\\Request))
#8 D:\\Gábor\\Iskola\\12.Osztály\\Webprogramozás\\Laravel_gyorstalpalo\\vendor\\laravel\\framework\\src\\Illuminate\\Pipeline\\Pipeline.php(183): Illuminate\\Foundation\\Http\\Middleware\\VerifyCsrfToken->handle(Object(Illuminate\\Http\\Request), Object(Closure))
#9 D:\\Gábor\\Iskola\\12.Osztály\\Webprogramozás\\Laravel_gyorstalpalo\\vendor\\laravel\\framework\\src\\Illuminate\\View\\Middleware\\ShareErrorsFromSession.php(49): Illuminate\\Pipeline\\Pipeline->Illuminate\\Pipeline\\{closure}(Object(Illuminate\\Http\\Request))
#10 D:\\Gábor\\Iskola\\12.Osztály\\Webprogramozás\\Laravel_gyorstalpalo\\vendor\\laravel\\framework\\src\\Illuminate\\Pipeline\\Pipeline.php(183): Illuminate\\View\\Middleware\\ShareErrorsFromSession->handle(Object(Illuminate\\Http\\Request), Object(Closure))
#11 D:\\Gábor\\Iskola\\12.Osztály\\Webprogramozás\\Laravel_gyorstalpalo\\vendor\\laravel\\framework\\src\\Illuminate\\Session\\Middleware\\StartSession.php(121): Illuminate\\Pipeline\\Pipeline->Illuminate\\Pipeline\\{closure}(Object(Illuminate\\Http\\Request))
#12 D:\\Gábor\\Iskola\\12.Osztály\\Webprogramozás\\Laravel_gyorstalpalo\\vendor\\laravel\\framework\\src\\Illuminate\\Session\\Middleware\\StartSession.php(64): Illuminate\\Session\\Middleware\\StartSession->handleStatefulRequest(Object(Illuminate\\Http\\Request), Object(Illuminate\\Session\\Store), Object(Closure))
#13 D:\\Gábor\\Iskola\\12.Osztály\\Webprogramozás\\Laravel_gyorstalpalo\\vendor\\laravel\\framework\\src\\Illuminate\\Pipeline\\Pipeline.php(183): Illuminate\\Session\\Middleware\\StartSession->handle(Object(Illuminate\\Http\\Request), Object(Closure))
#14 D:\\Gábor\\Iskola\\12.Osztály\\Webprogramozás\\Laravel_gyorstalpalo\\vendor\\laravel\\framework\\src\\Illuminate\\Cookie\\Middleware\\AddQueuedCookiesToResponse.php(37): Illuminate\\Pipeline\\Pipeline->Illuminate\\Pipeline\\{closure}(Object(Illuminate\\Http\\Request))
#15 D:\\Gábor\\Iskola\\12.Osztály\\Webprogramozás\\Laravel_gyorstalpalo\\vendor\\laravel\\framework\\src\\Illuminate\\Pipeline\\Pipeline.php(183): Illuminate\\Cookie\\Middleware\\AddQueuedCookiesToResponse->handle(Object(Illuminate\\Http\\Request), Object(Closure))
#16 D:\\Gábor\\Iskola\\12.Osztály\\Webprogramozás\\Laravel_gyorstalpalo\\vendor\\laravel\\framework\\src\\Illuminate\\Cookie\\Middleware\\EncryptCookies.php(75): Illuminate\\Pipeline\\Pipeline->Illuminate\\Pipeline\\{closure}(Object(Illuminate\\Http\\Request))
#17 D:\\Gábor\\Iskola\\12.Osztály\\Webprogramozás\\Laravel_gyorstalpalo\\vendor\\laravel\\framework\\src\\Illuminate\\Pipeline\\Pipeline.php(183): Illuminate\\Cookie\\Middleware\\EncryptCookies->handle(Object(Illuminate\\Http\\Request), Object(Closure))
#18 D:\\Gábor\\Iskola\\12.Osztály\\Webprogramozás\\Laravel_gyorstalpalo\\vendor\\laravel\\framework\\src\\Illuminate\\Pipeline\\Pipeline.php(119): Illuminate\\Pipeline\\Pipeline->Illuminate\\Pipeline\\{closure}(Object(Illuminate\\Http\\Request))
#19 D:\\Gábor\\Iskola\\12.Osztály\\Webprogramozás\\Laravel_gyorstalpalo\\vendor\\laravel\\framework\\src\\Illuminate\\Routing\\Router.php(807): Illuminate\\Pipeline\\Pipeline->then(Object(Closure))
#20 D:\\Gábor\\Iskola\\12.Osztály\\Webprogramozás\\Laravel_gyorstalpalo\\vendor\\laravel\\framework\\src\\Illuminate\\Routing\\Router.php(786): Illuminate\\Routing\\Router->runRouteWithinStack(Object(Illuminate\\Routing\\Route), Object(Illuminate\\Http\\Request))
#21 D:\\Gábor\\Iskola\\12.Osztály\\Webprogramozás\\Laravel_gyorstalpalo\\vendor\\laravel\\framework\\src\\Illuminate\\Routing\\Router.php(750): Illuminate\\Routing\\Router->runRoute(Object(Illuminate\\Http\\Request), Object(Illuminate\\Routing\\Route))
#22 D:\\Gábor\\Iskola\\12.Osztály\\Webprogramozás\\Laravel_gyorstalpalo\\vendor\\laravel\\framework\\src\\Illuminate\\Routing\\Router.php(739): Illuminate\\Routing\\Router->dispatchToRoute(Object(Illuminate\\Http\\Request))
#23 D:\\Gábor\\Iskola\\12.Osztály\\Webprogramozás\\Laravel_gyorstalpalo\\vendor\\laravel\\framework\\src\\Illuminate\\Foundation\\Http\\Kernel.php(201): Illuminate\\Routing\\Router->dispatch(Object(Illuminate\\Http\\Request))
#24 D:\\Gábor\\Iskola\\12.Osztály\\Webprogramozás\\Laravel_gyorstalpalo\\vendor\\laravel\\framework\\src\\Illuminate\\Pipeline\\Pipeline.php(144): Illuminate\\Foundation\\Http\\Kernel->Illuminate\\Foundation\\Http\\{closure}(Object(Illuminate\\Http\\Request))
#25 D:\\Gábor\\Iskola\\12.Osztály\\Webprogramozás\\Laravel_gyorstalpalo\\vendor\\laravel\\framework\\src\\Illuminate\\Foundation\\Http\\Middleware\\TransformsRequest.php(21): Illuminate\\Pipeline\\Pipeline->Illuminate\\Pipeline\\{closure}(Object(Illuminate\\Http\\Request))
#26 D:\\Gábor\\Iskola\\12.Osztály\\Webprogramozás\\Laravel_gyorstalpalo\\vendor\\laravel\\framework\\src\\Illuminate\\Foundation\\Http\\Middleware\\ConvertEmptyStringsToNull.php(31): Illuminate\\Foundation\\Http\\Middleware\\TransformsRequest->handle(Object(Illuminate\\Http\\Request), Object(Closure))
#27 D:\\Gábor\\Iskola\\12.Osztály\\Webprogramozás\\Laravel_gyorstalpalo\\vendor\\laravel\\framework\\src\\Illuminate\\Pipeline\\Pipeline.php(183): Illuminate\\Foundation\\Http\\Middleware\\ConvertEmptyStringsToNull->handle(Object(Illuminate\\Http\\Request), Object(Closure))
#28 D:\\Gábor\\Iskola\\12.Osztály\\Webprogramozás\\Laravel_gyorstalpalo\\vendor\\laravel\\framework\\src\\Illuminate\\Foundation\\Http\\Middleware\\TransformsRequest.php(21): Illuminate\\Pipeline\\Pipeline->Illuminate\\Pipeline\\{closure}(Object(Illuminate\\Http\\Request))
#29 D:\\Gábor\\Iskola\\12.Osztály\\Webprogramozás\\Laravel_gyorstalpalo\\vendor\\laravel\\framework\\src\\Illuminate\\Foundation\\Http\\Middleware\\TrimStrings.php(51): Illuminate\\Foundation\\Http\\Middleware\\TransformsRequest->handle(Object(Illuminate\\Http\\Request), Object(Closure))
#30 D:\\Gábor\\Iskola\\12.Osztály\\Webprogramozás\\Laravel_gyorstalpalo\\vendor\\laravel\\framework\\src\\Illuminate\\Pipeline\\Pipeline.php(183): Illuminate\\Foundation\\Http\\Middleware\\TrimStrings->handle(Object(Illuminate\\Http\\Request), Object(Closure))
#31 D:\\Gábor\\Iskola\\12.Osztály\\Webprogramozás\\Laravel_gyorstalpalo\\vendor\\laravel\\framework\\src\\Illuminate\\Http\\Middleware\\ValidatePostSize.php(27): Illuminate\\Pipeline\\Pipeline->Illuminate\\Pipeline\\{closure}(Object(Illuminate\\Http\\Request))
#32 D:\\Gábor\\Iskola\\12.Osztály\\Webprogramozás\\Laravel_gyorstalpalo\\vendor\\laravel\\framework\\src\\Illuminate\\Pipeline\\Pipeline.php(183): Illuminate\\Http\\Middleware\\ValidatePostSize->handle(Object(Illuminate\\Http\\Request), Object(Closure))
#33 D:\\Gábor\\Iskola\\12.Osztály\\Webprogramozás\\Laravel_gyorstalpalo\\vendor\\laravel\\framework\\src\\Illuminate\\Foundation\\Http\\Middleware\\PreventRequestsDuringMaintenance.php(110): Illuminate\\Pipeline\\Pipeline->Illuminate\\Pipeline\\{closure}(Object(Illuminate\\Http\\Request))
#34 D:\\Gábor\\Iskola\\12.Osztály\\Webprogramozás\\Laravel_gyorstalpalo\\vendor\\laravel\\framework\\src\\Illuminate\\Pipeline\\Pipeline.php(183): Illuminate\\Foundation\\Http\\Middleware\\PreventRequestsDuringMaintenance->handle(Object(Illuminate\\Http\\Request), Object(Closure))
#35 D:\\Gábor\\Iskola\\12.Osztály\\Webprogramozás\\Laravel_gyorstalpalo\\vendor\\laravel\\framework\\src\\Illuminate\\Http\\Middleware\\HandleCors.php(49): Illuminate\\Pipeline\\Pipeline->Illuminate\\Pipeline\\{closure}(Object(Illuminate\\Http\\Request))
#36 D:\\Gábor\\Iskola\\12.Osztály\\Webprogramozás\\Laravel_gyorstalpalo\\vendor\\laravel\\framework\\src\\Illuminate\\Pipeline\\Pipeline.php(183): Illuminate\\Http\\Middleware\\HandleCors->handle(Object(Illuminate\\Http\\Request), Object(Closure))
#37 D:\\Gábor\\Iskola\\12.Osztály\\Webprogramozás\\Laravel_gyorstalpalo\\vendor\\laravel\\framework\\src\\Illuminate\\Http\\Middleware\\TrustProxies.php(58): Illuminate\\Pipeline\\Pipeline->Illuminate\\Pipeline\\{closure}(Object(Illuminate\\Http\\Request))
#38 D:\\Gábor\\Iskola\\12.Osztály\\Webprogramozás\\Laravel_gyorstalpalo\\vendor\\laravel\\framework\\src\\Illuminate\\Pipeline\\Pipeline.php(183): Illuminate\\Http\\Middleware\\TrustProxies->handle(Object(Illuminate\\Http\\Request), Object(Closure))
#39 D:\\Gábor\\Iskola\\12.Osztály\\Webprogramozás\\Laravel_gyorstalpalo\\vendor\\laravel\\framework\\src\\Illuminate\\Foundation\\Http\\Middleware\\InvokeDeferredCallbacks.php(22): Illuminate\\Pipeline\\Pipeline->Illuminate\\Pipeline\\{closure}(Object(Illuminate\\Http\\Request))
#40 D:\\Gábor\\Iskola\\12.Osztály\\Webprogramozás\\Laravel_gyorstalpalo\\vendor\\laravel\\framework\\src\\Illuminate\\Pipeline\\Pipeline.php(183): Illuminate\\Foundation\\Http\\Middleware\\InvokeDeferredCallbacks->handle(Object(Illuminate\\Http\\Request), Object(Closure))
#41 D:\\Gábor\\Iskola\\12.Osztály\\Webprogramozás\\Laravel_gyorstalpalo\\vendor\\laravel\\framework\\src\\Illuminate\\Pipeline\\Pipeline.php(119): Illuminate\\Pipeline\\Pipeline->Illuminate\\Pipeline\\{closure}(Object(Illuminate\\Http\\Request))
#42 D:\\Gábor\\Iskola\\12.Osztály\\Webprogramozás\\Laravel_gyorstalpalo\\vendor\\laravel\\framework\\src\\Illuminate\\Foundation\\Http\\Kernel.php(176): Illuminate\\Pipeline\\Pipeline->then(Object(Closure))
#43 D:\\Gábor\\Iskola\\12.Osztály\\Webprogramozás\\Laravel_gyorstalpalo\\vendor\\laravel\\framework\\src\\Illuminate\\Foundation\\Http\\Kernel.php(145): Illuminate\\Foundation\\Http\\Kernel->sendRequestThroughRouter(Object(Illuminate\\Http\\Request))
#44 D:\\Gábor\\Iskola\\12.Osztály\\Webprogramozás\\Laravel_gyorstalpalo\\vendor\\laravel\\framework\\src\\Illuminate\\Foundation\\Application.php(1190): Illuminate\\Foundation\\Http\\Kernel->handle(Object(Illuminate\\Http\\Request))
#45 D:\\Gábor\\Iskola\\12.Osztály\\Webprogramozás\\Laravel_gyorstalpalo\\public\\index.php(17): Illuminate\\Foundation\\Application->handleRequest(Object(Illuminate\\Http\\Request))
#46 D:\\Gábor\\Iskola\\12.Osztály\\Webprogramozás\\Laravel_gyorstalpalo\\vendor\\laravel\\framework\\src\\Illuminate\\Foundation\\resources\\server.php(23): require_once('D:\\\\G\\xC3\\xA1bor\\\\Iskol...')
#47 {main}
"} 
[2025-01-13 10:48:46] local.ERROR: Class "App\Http\Requests\CategoryRequest" does not exist {"exception":"[object] (ReflectionException(code: -1): Class \"App\\Http\\Requests\\CategoryRequest\" does not exist at D:\\Gábor\\Iskola\\12.Osztály\\Webprogramozás\\Laravel_gyorstalpalo\\vendor\\laravel\\framework\\src\\Illuminate\\Routing\\ResolvesRouteDependencies.php:88)
[stacktrace]
#0 D:\\Gábor\\Iskola\\12.Osztály\\Webprogramozás\\Laravel_gyorstalpalo\\vendor\\laravel\\framework\\src\\Illuminate\\Routing\\ResolvesRouteDependencies.php(88): ReflectionClass->__construct('App\\\\Http\\\\Reques...')
#1 D:\\Gábor\\Iskola\\12.Osztály\\Webprogramozás\\Laravel_gyorstalpalo\\vendor\\laravel\\framework\\src\\Illuminate\\Routing\\ResolvesRouteDependencies.php(51): Illuminate\\Routing\\ControllerDispatcher->transformDependency(Object(ReflectionParameter), Array, Object(stdClass))
#2 D:\\Gábor\\Iskola\\12.Osztály\\Webprogramozás\\Laravel_gyorstalpalo\\vendor\\laravel\\framework\\src\\Illuminate\\Routing\\ResolvesRouteDependencies.php(30): Illuminate\\Routing\\ControllerDispatcher->resolveMethodDependencies(Array, Object(ReflectionMethod))
#3 D:\\Gábor\\Iskola\\12.Osztály\\Webprogramozás\\Laravel_gyorstalpalo\\vendor\\laravel\\framework\\src\\Illuminate\\Routing\\ControllerDispatcher.php(60): Illuminate\\Routing\\ControllerDispatcher->resolveClassMethodDependencies(Array, Object(App\\Http\\Controllers\\CategoriesController), 'store')
#4 D:\\Gábor\\Iskola\\12.Osztály\\Webprogramozás\\Laravel_gyorstalpalo\\vendor\\laravel\\framework\\src\\Illuminate\\Routing\\ControllerDispatcher.php(41): Illuminate\\Routing\\ControllerDispatcher->resolveParameters(Object(Illuminate\\Routing\\Route), Object(App\\Http\\Controllers\\CategoriesController), 'store')
#5 D:\\Gábor\\Iskola\\12.Osztály\\Webprogramozás\\Laravel_gyorstalpalo\\vendor\\laravel\\framework\\src\\Illuminate\\Routing\\Route.php(266): Illuminate\\Routing\\ControllerDispatcher->dispatch(Object(Illuminate\\Routing\\Route), Object(App\\Http\\Controllers\\CategoriesController), 'store')
#6 D:\\Gábor\\Iskola\\12.Osztály\\Webprogramozás\\Laravel_gyorstalpalo\\vendor\\laravel\\framework\\src\\Illuminate\\Routing\\Route.php(212): Illuminate\\Routing\\Route->runController()
#7 D:\\Gábor\\Iskola\\12.Osztály\\Webprogramozás\\Laravel_gyorstalpalo\\vendor\\laravel\\framework\\src\\Illuminate\\Routing\\Router.php(808): Illuminate\\Routing\\Route->run()
#8 D:\\Gábor\\Iskola\\12.Osztály\\Webprogramozás\\Laravel_gyorstalpalo\\vendor\\laravel\\framework\\src\\Illuminate\\Pipeline\\Pipeline.php(144): Illuminate\\Routing\\Router->Illuminate\\Routing\\{closure}(Object(Illuminate\\Http\\Request))
#9 D:\\Gábor\\Iskola\\12.Osztály\\Webprogramozás\\Laravel_gyorstalpalo\\vendor\\laravel\\framework\\src\\Illuminate\\Routing\\Middleware\\SubstituteBindings.php(51): Illuminate\\Pipeline\\Pipeline->Illuminate\\Pipeline\\{closure}(Object(Illuminate\\Http\\Request))
#10 D:\\Gábor\\Iskola\\12.Osztály\\Webprogramozás\\Laravel_gyorstalpalo\\vendor\\laravel\\framework\\src\\Illuminate\\Pipeline\\Pipeline.php(183): Illuminate\\Routing\\Middleware\\SubstituteBindings->handle(Object(Illuminate\\Http\\Request), Object(Closure))
#11 D:\\Gábor\\Iskola\\12.Osztály\\Webprogramozás\\Laravel_gyorstalpalo\\vendor\\laravel\\framework\\src\\Illuminate\\Foundation\\Http\\Middleware\\VerifyCsrfToken.php(88): Illuminate\\Pipeline\\Pipeline->Illuminate\\Pipeline\\{closure}(Object(Illuminate\\Http\\Request))
#12 D:\\Gábor\\Iskola\\12.Osztály\\Webprogramozás\\Laravel_gyorstalpalo\\vendor\\laravel\\framework\\src\\Illuminate\\Pipeline\\Pipeline.php(183): Illuminate\\Foundation\\Http\\Middleware\\VerifyCsrfToken->handle(Object(Illuminate\\Http\\Request), Object(Closure))
#13 D:\\Gábor\\Iskola\\12.Osztály\\Webprogramozás\\Laravel_gyorstalpalo\\vendor\\laravel\\framework\\src\\Illuminate\\View\\Middleware\\ShareErrorsFromSession.php(49): Illuminate\\Pipeline\\Pipeline->Illuminate\\Pipeline\\{closure}(Object(Illuminate\\Http\\Request))
#14 D:\\Gábor\\Iskola\\12.Osztály\\Webprogramozás\\Laravel_gyorstalpalo\\vendor\\laravel\\framework\\src\\Illuminate\\Pipeline\\Pipeline.php(183): Illuminate\\View\\Middleware\\ShareErrorsFromSession->handle(Object(Illuminate\\Http\\Request), Object(Closure))
#15 D:\\Gábor\\Iskola\\12.Osztály\\Webprogramozás\\Laravel_gyorstalpalo\\vendor\\laravel\\framework\\src\\Illuminate\\Session\\Middleware\\StartSession.php(121): Illuminate\\Pipeline\\Pipeline->Illuminate\\Pipeline\\{closure}(Object(Illuminate\\Http\\Request))
#16 D:\\Gábor\\Iskola\\12.Osztály\\Webprogramozás\\Laravel_gyorstalpalo\\vendor\\laravel\\framework\\src\\Illuminate\\Session\\Middleware\\StartSession.php(64): Illuminate\\Session\\Middleware\\StartSession->handleStatefulRequest(Object(Illuminate\\Http\\Request), Object(Illuminate\\Session\\Store), Object(Closure))
#17 D:\\Gábor\\Iskola\\12.Osztály\\Webprogramozás\\Laravel_gyorstalpalo\\vendor\\laravel\\framework\\src\\Illuminate\\Pipeline\\Pipeline.php(183): Illuminate\\Session\\Middleware\\StartSession->handle(Object(Illuminate\\Http\\Request), Object(Closure))
#18 D:\\Gábor\\Iskola\\12.Osztály\\Webprogramozás\\Laravel_gyorstalpalo\\vendor\\laravel\\framework\\src\\Illuminate\\Cookie\\Middleware\\AddQueuedCookiesToResponse.php(37): Illuminate\\Pipeline\\Pipeline->Illuminate\\Pipeline\\{closure}(Object(Illuminate\\Http\\Request))
#19 D:\\Gábor\\Iskola\\12.Osztály\\Webprogramozás\\Laravel_gyorstalpalo\\vendor\\laravel\\framework\\src\\Illuminate\\Pipeline\\Pipeline.php(183): Illuminate\\Cookie\\Middleware\\AddQueuedCookiesToResponse->handle(Object(Illuminate\\Http\\Request), Object(Closure))
#20 D:\\Gábor\\Iskola\\12.Osztály\\Webprogramozás\\Laravel_gyorstalpalo\\vendor\\laravel\\framework\\src\\Illuminate\\Cookie\\Middleware\\EncryptCookies.php(75): Illuminate\\Pipeline\\Pipeline->Illuminate\\Pipeline\\{closure}(Object(Illuminate\\Http\\Request))
#21 D:\\Gábor\\Iskola\\12.Osztály\\Webprogramozás\\Laravel_gyorstalpalo\\vendor\\laravel\\framework\\src\\Illuminate\\Pipeline\\Pipeline.php(183): Illuminate\\Cookie\\Middleware\\EncryptCookies->handle(Object(Illuminate\\Http\\Request), Object(Closure))
#22 D:\\Gábor\\Iskola\\12.Osztály\\Webprogramozás\\Laravel_gyorstalpalo\\vendor\\laravel\\framework\\src\\Illuminate\\Pipeline\\Pipeline.php(119): Illuminate\\Pipeline\\Pipeline->Illuminate\\Pipeline\\{closure}(Object(Illuminate\\Http\\Request))
#23 D:\\Gábor\\Iskola\\12.Osztály\\Webprogramozás\\Laravel_gyorstalpalo\\vendor\\laravel\\framework\\src\\Illuminate\\Routing\\Router.php(807): Illuminate\\Pipeline\\Pipeline->then(Object(Closure))
#24 D:\\Gábor\\Iskola\\12.Osztály\\Webprogramozás\\Laravel_gyorstalpalo\\vendor\\laravel\\framework\\src\\Illuminate\\Routing\\Router.php(786): Illuminate\\Routing\\Router->runRouteWithinStack(Object(Illuminate\\Routing\\Route), Object(Illuminate\\Http\\Request))
#25 D:\\Gábor\\Iskola\\12.Osztály\\Webprogramozás\\Laravel_gyorstalpalo\\vendor\\laravel\\framework\\src\\Illuminate\\Routing\\Router.php(750): Illuminate\\Routing\\Router->runRoute(Object(Illuminate\\Http\\Request), Object(Illuminate\\Routing\\Route))
#26 D:\\Gábor\\Iskola\\12.Osztály\\Webprogramozás\\Laravel_gyorstalpalo\\vendor\\laravel\\framework\\src\\Illuminate\\Routing\\Router.php(739): Illuminate\\Routing\\Router->dispatchToRoute(Object(Illuminate\\Http\\Request))
#27 D:\\Gábor\\Iskola\\12.Osztály\\Webprogramozás\\Laravel_gyorstalpalo\\vendor\\laravel\\framework\\src\\Illuminate\\Foundation\\Http\\Kernel.php(201): Illuminate\\Routing\\Router->dispatch(Object(Illuminate\\Http\\Request))
#28 D:\\Gábor\\Iskola\\12.Osztály\\Webprogramozás\\Laravel_gyorstalpalo\\vendor\\laravel\\framework\\src\\Illuminate\\Pipeline\\Pipeline.php(144): Illuminate\\Foundation\\Http\\Kernel->Illuminate\\Foundation\\Http\\{closure}(Object(Illuminate\\Http\\Request))
#29 D:\\Gábor\\Iskola\\12.Osztály\\Webprogramozás\\Laravel_gyorstalpalo\\vendor\\laravel\\framework\\src\\Illuminate\\Foundation\\Http\\Middleware\\TransformsRequest.php(21): Illuminate\\Pipeline\\Pipeline->Illuminate\\Pipeline\\{closure}(Object(Illuminate\\Http\\Request))
#30 D:\\Gábor\\Iskola\\12.Osztály\\Webprogramozás\\Laravel_gyorstalpalo\\vendor\\laravel\\framework\\src\\Illuminate\\Foundation\\Http\\Middleware\\ConvertEmptyStringsToNull.php(31): Illuminate\\Foundation\\Http\\Middleware\\TransformsRequest->handle(Object(Illuminate\\Http\\Request), Object(Closure))
#31 D:\\Gábor\\Iskola\\12.Osztály\\Webprogramozás\\Laravel_gyorstalpalo\\vendor\\laravel\\framework\\src\\Illuminate\\Pipeline\\Pipeline.php(183): Illuminate\\Foundation\\Http\\Middleware\\ConvertEmptyStringsToNull->handle(Object(Illuminate\\Http\\Request), Object(Closure))
#32 D:\\Gábor\\Iskola\\12.Osztály\\Webprogramozás\\Laravel_gyorstalpalo\\vendor\\laravel\\framework\\src\\Illuminate\\Foundation\\Http\\Middleware\\TransformsRequest.php(21): Illuminate\\Pipeline\\Pipeline->Illuminate\\Pipeline\\{closure}(Object(Illuminate\\Http\\Request))
#33 D:\\Gábor\\Iskola\\12.Osztály\\Webprogramozás\\Laravel_gyorstalpalo\\vendor\\laravel\\framework\\src\\Illuminate\\Foundation\\Http\\Middleware\\TrimStrings.php(51): Illuminate\\Foundation\\Http\\Middleware\\TransformsRequest->handle(Object(Illuminate\\Http\\Request), Object(Closure))
#34 D:\\Gábor\\Iskola\\12.Osztály\\Webprogramozás\\Laravel_gyorstalpalo\\vendor\\laravel\\framework\\src\\Illuminate\\Pipeline\\Pipeline.php(183): Illuminate\\Foundation\\Http\\Middleware\\TrimStrings->handle(Object(Illuminate\\Http\\Request), Object(Closure))
#35 D:\\Gábor\\Iskola\\12.Osztály\\Webprogramozás\\Laravel_gyorstalpalo\\vendor\\laravel\\framework\\src\\Illuminate\\Http\\Middleware\\ValidatePostSize.php(27): Illuminate\\Pipeline\\Pipeline->Illuminate\\Pipeline\\{closure}(Object(Illuminate\\Http\\Request))
#36 D:\\Gábor\\Iskola\\12.Osztály\\Webprogramozás\\Laravel_gyorstalpalo\\vendor\\laravel\\framework\\src\\Illuminate\\Pipeline\\Pipeline.php(183): Illuminate\\Http\\Middleware\\ValidatePostSize->handle(Object(Illuminate\\Http\\Request), Object(Closure))
#37 D:\\Gábor\\Iskola\\12.Osztály\\Webprogramozás\\Laravel_gyorstalpalo\\vendor\\laravel\\framework\\src\\Illuminate\\Foundation\\Http\\Middleware\\PreventRequestsDuringMaintenance.php(110): Illuminate\\Pipeline\\Pipeline->Illuminate\\Pipeline\\{closure}(Object(Illuminate\\Http\\Request))
#38 D:\\Gábor\\Iskola\\12.Osztály\\Webprogramozás\\Laravel_gyorstalpalo\\vendor\\laravel\\framework\\src\\Illuminate\\Pipeline\\Pipeline.php(183): Illuminate\\Foundation\\Http\\Middleware\\PreventRequestsDuringMaintenance->handle(Object(Illuminate\\Http\\Request), Object(Closure))
#39 D:\\Gábor\\Iskola\\12.Osztály\\Webprogramozás\\Laravel_gyorstalpalo\\vendor\\laravel\\framework\\src\\Illuminate\\Http\\Middleware\\HandleCors.php(49): Illuminate\\Pipeline\\Pipeline->Illuminate\\Pipeline\\{closure}(Object(Illuminate\\Http\\Request))
#40 D:\\Gábor\\Iskola\\12.Osztály\\Webprogramozás\\Laravel_gyorstalpalo\\vendor\\laravel\\framework\\src\\Illuminate\\Pipeline\\Pipeline.php(183): Illuminate\\Http\\Middleware\\HandleCors->handle(Object(Illuminate\\Http\\Request), Object(Closure))
#41 D:\\Gábor\\Iskola\\12.Osztály\\Webprogramozás\\Laravel_gyorstalpalo\\vendor\\laravel\\framework\\src\\Illuminate\\Http\\Middleware\\TrustProxies.php(58): Illuminate\\Pipeline\\Pipeline->Illuminate\\Pipeline\\{closure}(Object(Illuminate\\Http\\Request))
#42 D:\\Gábor\\Iskola\\12.Osztály\\Webprogramozás\\Laravel_gyorstalpalo\\vendor\\laravel\\framework\\src\\Illuminate\\Pipeline\\Pipeline.php(183): Illuminate\\Http\\Middleware\\TrustProxies->handle(Object(Illuminate\\Http\\Request), Object(Closure))
#43 D:\\Gábor\\Iskola\\12.Osztály\\Webprogramozás\\Laravel_gyorstalpalo\\vendor\\laravel\\framework\\src\\Illuminate\\Foundation\\Http\\Middleware\\InvokeDeferredCallbacks.php(22): Illuminate\\Pipeline\\Pipeline->Illuminate\\Pipeline\\{closure}(Object(Illuminate\\Http\\Request))
#44 D:\\Gábor\\Iskola\\12.Osztály\\Webprogramozás\\Laravel_gyorstalpalo\\vendor\\laravel\\framework\\src\\Illuminate\\Pipeline\\Pipeline.php(183): Illuminate\\Foundation\\Http\\Middleware\\InvokeDeferredCallbacks->handle(Object(Illuminate\\Http\\Request), Object(Closure))
#45 D:\\Gábor\\Iskola\\12.Osztály\\Webprogramozás\\Laravel_gyorstalpalo\\vendor\\laravel\\framework\\src\\Illuminate\\Pipeline\\Pipeline.php(119): Illuminate\\Pipeline\\Pipeline->Illuminate\\Pipeline\\{closure}(Object(Illuminate\\Http\\Request))
#46 D:\\Gábor\\Iskola\\12.Osztály\\Webprogramozás\\Laravel_gyorstalpalo\\vendor\\laravel\\framework\\src\\Illuminate\\Foundation\\Http\\Kernel.php(176): Illuminate\\Pipeline\\Pipeline->then(Object(Closure))
#47 D:\\Gábor\\Iskola\\12.Osztály\\Webprogramozás\\Laravel_gyorstalpalo\\vendor\\laravel\\framework\\src\\Illuminate\\Foundation\\Http\\Kernel.php(145): Illuminate\\Foundation\\Http\\Kernel->sendRequestThroughRouter(Object(Illuminate\\Http\\Request))
#48 D:\\Gábor\\Iskola\\12.Osztály\\Webprogramozás\\Laravel_gyorstalpalo\\vendor\\laravel\\framework\\src\\Illuminate\\Foundation\\Application.php(1190): Illuminate\\Foundation\\Http\\Kernel->handle(Object(Illuminate\\Http\\Request))
#49 D:\\Gábor\\Iskola\\12.Osztály\\Webprogramozás\\Laravel_gyorstalpalo\\public\\index.php(17): Illuminate\\Foundation\\Application->handleRequest(Object(Illuminate\\Http\\Request))
#50 D:\\Gábor\\Iskola\\12.Osztály\\Webprogramozás\\Laravel_gyorstalpalo\\vendor\\laravel\\framework\\src\\Illuminate\\Foundation\\resources\\server.php(23): require_once('D:\\\\G\\xC3\\xA1bor\\\\Iskol...')
#51 {main}
"} 
[2025-01-13 11:42:33] local.ERROR: require(D:\Gábor\Iskola\12.Osztály\Webprogramozás\Laravel_gyorstalpalo\routes/auth.php): Failed to open stream: No such file or directory {"exception":"[object] (ErrorException(code: 0): require(D:\\Gábor\\Iskola\\12.Osztály\\Webprogramozás\\Laravel_gyorstalpalo\\routes/auth.php): Failed to open stream: No such file or directory at D:\\Gábor\\Iskola\\12.Osztály\\Webprogramozás\\Laravel_gyorstalpalo\\routes\\web.php:41)
[stacktrace]
#0 D:\\Gábor\\Iskola\\12.Osztály\\Webprogramozás\\Laravel_gyorstalpalo\\vendor\\laravel\\framework\\src\\Illuminate\\Foundation\\Bootstrap\\HandleExceptions.php(290): Illuminate\\Foundation\\Bootstrap\\HandleExceptions->handleError(2, 'require(D:\\\\G\\xC3\\xA1b...', 'D:\\\\G\\xC3\\xA1bor\\\\Iskol...', 41)
#1 D:\\Gábor\\Iskola\\12.Osztály\\Webprogramozás\\Laravel_gyorstalpalo\\routes\\web.php(41): Illuminate\\Foundation\\Bootstrap\\HandleExceptions->Illuminate\\Foundation\\Bootstrap\\{closure}(2, 'require(D:\\\\G\\xC3\\xA1b...', 'D:\\\\G\\xC3\\xA1bor\\\\Iskol...', 41)
#2 D:\\Gábor\\Iskola\\12.Osztály\\Webprogramozás\\Laravel_gyorstalpalo\\routes\\web.php(41): require('D:\\\\G\\xC3\\xA1bor\\\\Iskol...')
#3 D:\\Gábor\\Iskola\\12.Osztály\\Webprogramozás\\Laravel_gyorstalpalo\\vendor\\laravel\\framework\\src\\Illuminate\\Routing\\RouteFileRegistrar.php(35): require('D:\\\\G\\xC3\\xA1bor\\\\Iskol...')
#4 D:\\Gábor\\Iskola\\12.Osztály\\Webprogramozás\\Laravel_gyorstalpalo\\vendor\\laravel\\framework\\src\\Illuminate\\Routing\\Router.php(513): Illuminate\\Routing\\RouteFileRegistrar->register('D:\\\\G\\xC3\\xA1bor\\\\Iskol...')
#5 D:\\Gábor\\Iskola\\12.Osztály\\Webprogramozás\\Laravel_gyorstalpalo\\vendor\\laravel\\framework\\src\\Illuminate\\Routing\\Router.php(467): Illuminate\\Routing\\Router->loadRoutes('D:\\\\G\\xC3\\xA1bor\\\\Iskol...')
#6 D:\\Gábor\\Iskola\\12.Osztály\\Webprogramozás\\Laravel_gyorstalpalo\\vendor\\laravel\\framework\\src\\Illuminate\\Routing\\RouteRegistrar.php(199): Illuminate\\Routing\\Router->group(Array, 'D:\\\\G\\xC3\\xA1bor\\\\Iskol...')
#7 D:\\Gábor\\Iskola\\12.Osztály\\Webprogramozás\\Laravel_gyorstalpalo\\vendor\\laravel\\framework\\src\\Illuminate\\Foundation\\Configuration\\ApplicationBuilder.php(248): Illuminate\\Routing\\RouteRegistrar->group('D:\\\\G\\xC3\\xA1bor\\\\Iskol...')
#8 D:\\Gábor\\Iskola\\12.Osztály\\Webprogramozás\\Laravel_gyorstalpalo\\vendor\\laravel\\framework\\src\\Illuminate\\Container\\BoundMethod.php(36): Illuminate\\Foundation\\Configuration\\ApplicationBuilder->Illuminate\\Foundation\\Configuration\\{closure}()
#9 D:\\Gábor\\Iskola\\12.Osztály\\Webprogramozás\\Laravel_gyorstalpalo\\vendor\\laravel\\framework\\src\\Illuminate\\Container\\Util.php(43): Illuminate\\Container\\BoundMethod::Illuminate\\Container\\{closure}()
#10 D:\\Gábor\\Iskola\\12.Osztály\\Webprogramozás\\Laravel_gyorstalpalo\\vendor\\laravel\\framework\\src\\Illuminate\\Container\\BoundMethod.php(83): Illuminate\\Container\\Util::unwrapIfClosure(Object(Closure))
#11 D:\\Gábor\\Iskola\\12.Osztály\\Webprogramozás\\Laravel_gyorstalpalo\\vendor\\laravel\\framework\\src\\Illuminate\\Container\\BoundMethod.php(35): Illuminate\\Container\\BoundMethod::callBoundMethod(Object(Illuminate\\Foundation\\Application), Object(Closure), Object(Closure))
#12 D:\\Gábor\\Iskola\\12.Osztály\\Webprogramozás\\Laravel_gyorstalpalo\\vendor\\laravel\\framework\\src\\Illuminate\\Container\\Container.php(694): Illuminate\\Container\\BoundMethod::call(Object(Illuminate\\Foundation\\Application), Object(Closure), Array, NULL)
#13 D:\\Gábor\\Iskola\\12.Osztály\\Webprogramozás\\Laravel_gyorstalpalo\\vendor\\laravel\\framework\\src\\Illuminate\\Foundation\\Support\\Providers\\RouteServiceProvider.php(162): Illuminate\\Container\\Container->call(Object(Closure))
#14 D:\\Gábor\\Iskola\\12.Osztály\\Webprogramozás\\Laravel_gyorstalpalo\\vendor\\laravel\\framework\\src\\Illuminate\\Foundation\\Support\\Providers\\RouteServiceProvider.php(59): Illuminate\\Foundation\\Support\\Providers\\RouteServiceProvider->loadRoutes()
#15 D:\\Gábor\\Iskola\\12.Osztály\\Webprogramozás\\Laravel_gyorstalpalo\\vendor\\laravel\\framework\\src\\Illuminate\\Container\\BoundMethod.php(36): Illuminate\\Foundation\\Support\\Providers\\RouteServiceProvider->Illuminate\\Foundation\\Support\\Providers\\{closure}()
#16 D:\\Gábor\\Iskola\\12.Osztály\\Webprogramozás\\Laravel_gyorstalpalo\\vendor\\laravel\\framework\\src\\Illuminate\\Container\\Util.php(43): Illuminate\\Container\\BoundMethod::Illuminate\\Container\\{closure}()
#17 D:\\Gábor\\Iskola\\12.Osztály\\Webprogramozás\\Laravel_gyorstalpalo\\vendor\\laravel\\framework\\src\\Illuminate\\Container\\BoundMethod.php(83): Illuminate\\Container\\Util::unwrapIfClosure(Object(Closure))
#18 D:\\Gábor\\Iskola\\12.Osztály\\Webprogramozás\\Laravel_gyorstalpalo\\vendor\\laravel\\framework\\src\\Illuminate\\Container\\BoundMethod.php(35): Illuminate\\Container\\BoundMethod::callBoundMethod(Object(Illuminate\\Foundation\\Application), Object(Closure), Object(Closure))
#19 D:\\Gábor\\Iskola\\12.Osztály\\Webprogramozás\\Laravel_gyorstalpalo\\vendor\\laravel\\framework\\src\\Illuminate\\Container\\Container.php(694): Illuminate\\Container\\BoundMethod::call(Object(Illuminate\\Foundation\\Application), Object(Closure), Array, NULL)
#20 D:\\Gábor\\Iskola\\12.Osztály\\Webprogramozás\\Laravel_gyorstalpalo\\vendor\\laravel\\framework\\src\\Illuminate\\Support\\ServiceProvider.php(144): Illuminate\\Container\\Container->call(Object(Closure))
#21 D:\\Gábor\\Iskola\\12.Osztály\\Webprogramozás\\Laravel_gyorstalpalo\\vendor\\laravel\\framework\\src\\Illuminate\\Foundation\\Application.php(1124): Illuminate\\Support\\ServiceProvider->callBootedCallbacks()
#22 D:\\Gábor\\Iskola\\12.Osztály\\Webprogramozás\\Laravel_gyorstalpalo\\vendor\\laravel\\framework\\src\\Illuminate\\Foundation\\Application.php(1102): Illuminate\\Foundation\\Application->bootProvider(Object(Illuminate\\Foundation\\Support\\Providers\\RouteServiceProvider))
#23 [internal function]: Illuminate\\Foundation\\Application->Illuminate\\Foundation\\{closure}(Object(Illuminate\\Foundation\\Support\\Providers\\RouteServiceProvider), 'Illuminate\\\\Foun...')
#24 D:\\Gábor\\Iskola\\12.Osztály\\Webprogramozás\\Laravel_gyorstalpalo\\vendor\\laravel\\framework\\src\\Illuminate\\Foundation\\Application.php(1101): array_walk(Array, Object(Closure))
#25 D:\\Gábor\\Iskola\\12.Osztály\\Webprogramozás\\Laravel_gyorstalpalo\\vendor\\laravel\\framework\\src\\Illuminate\\Foundation\\Bootstrap\\BootProviders.php(17): Illuminate\\Foundation\\Application->boot()
#26 D:\\Gábor\\Iskola\\12.Osztály\\Webprogramozás\\Laravel_gyorstalpalo\\vendor\\laravel\\framework\\src\\Illuminate\\Foundation\\Application.php(316): Illuminate\\Foundation\\Bootstrap\\BootProviders->bootstrap(Object(Illuminate\\Foundation\\Application))
#27 D:\\Gábor\\Iskola\\12.Osztály\\Webprogramozás\\Laravel_gyorstalpalo\\vendor\\laravel\\framework\\src\\Illuminate\\Foundation\\Console\\Kernel.php(474): Illuminate\\Foundation\\Application->bootstrapWith(Array)
#28 D:\\Gábor\\Iskola\\12.Osztály\\Webprogramozás\\Laravel_gyorstalpalo\\vendor\\laravel\\framework\\src\\Illuminate\\Foundation\\Console\\Kernel.php(196): Illuminate\\Foundation\\Console\\Kernel->bootstrap()
#29 D:\\Gábor\\Iskola\\12.Osztály\\Webprogramozás\\Laravel_gyorstalpalo\\vendor\\laravel\\framework\\src\\Illuminate\\Foundation\\Application.php(1205): Illuminate\\Foundation\\Console\\Kernel->handle(Object(Symfony\\Component\\Console\\Input\\ArgvInput), Object(Symfony\\Component\\Console\\Output\\ConsoleOutput))
#30 D:\\Gábor\\Iskola\\12.Osztály\\Webprogramozás\\Laravel_gyorstalpalo\\artisan(13): Illuminate\\Foundation\\Application->handleCommand(Object(Symfony\\Component\\Console\\Input\\ArgvInput))
#31 {main}
"} 
[2025-01-13 11:44:26] local.ERROR: require(D:\Gábor\Iskola\12.Osztály\Webprogramozás\Laravel_gyorstalpalo\routes/auth.php): Failed to open stream: No such file or directory {"exception":"[object] (ErrorException(code: 0): require(D:\\Gábor\\Iskola\\12.Osztály\\Webprogramozás\\Laravel_gyorstalpalo\\routes/auth.php): Failed to open stream: No such file or directory at D:\\Gábor\\Iskola\\12.Osztály\\Webprogramozás\\Laravel_gyorstalpalo\\routes\\web.php:41)
[stacktrace]
#0 D:\\Gábor\\Iskola\\12.Osztály\\Webprogramozás\\Laravel_gyorstalpalo\\vendor\\laravel\\framework\\src\\Illuminate\\Foundation\\Bootstrap\\HandleExceptions.php(290): Illuminate\\Foundation\\Bootstrap\\HandleExceptions->handleError(2, 'require(D:\\\\G\\xC3\\xA1b...', 'D:\\\\G\\xC3\\xA1bor\\\\Iskol...', 41)
#1 D:\\Gábor\\Iskola\\12.Osztály\\Webprogramozás\\Laravel_gyorstalpalo\\routes\\web.php(41): Illuminate\\Foundation\\Bootstrap\\HandleExceptions->Illuminate\\Foundation\\Bootstrap\\{closure}(2, 'require(D:\\\\G\\xC3\\xA1b...', 'D:\\\\G\\xC3\\xA1bor\\\\Iskol...', 41)
#2 D:\\Gábor\\Iskola\\12.Osztály\\Webprogramozás\\Laravel_gyorstalpalo\\routes\\web.php(41): require('D:\\\\G\\xC3\\xA1bor\\\\Iskol...')
#3 D:\\Gábor\\Iskola\\12.Osztály\\Webprogramozás\\Laravel_gyorstalpalo\\vendor\\laravel\\framework\\src\\Illuminate\\Routing\\RouteFileRegistrar.php(35): require('D:\\\\G\\xC3\\xA1bor\\\\Iskol...')
#4 D:\\Gábor\\Iskola\\12.Osztály\\Webprogramozás\\Laravel_gyorstalpalo\\vendor\\laravel\\framework\\src\\Illuminate\\Routing\\Router.php(513): Illuminate\\Routing\\RouteFileRegistrar->register('D:\\\\G\\xC3\\xA1bor\\\\Iskol...')
#5 D:\\Gábor\\Iskola\\12.Osztály\\Webprogramozás\\Laravel_gyorstalpalo\\vendor\\laravel\\framework\\src\\Illuminate\\Routing\\Router.php(467): Illuminate\\Routing\\Router->loadRoutes('D:\\\\G\\xC3\\xA1bor\\\\Iskol...')
#6 D:\\Gábor\\Iskola\\12.Osztály\\Webprogramozás\\Laravel_gyorstalpalo\\vendor\\laravel\\framework\\src\\Illuminate\\Routing\\RouteRegistrar.php(199): Illuminate\\Routing\\Router->group(Array, 'D:\\\\G\\xC3\\xA1bor\\\\Iskol...')
#7 D:\\Gábor\\Iskola\\12.Osztály\\Webprogramozás\\Laravel_gyorstalpalo\\vendor\\laravel\\framework\\src\\Illuminate\\Foundation\\Configuration\\ApplicationBuilder.php(248): Illuminate\\Routing\\RouteRegistrar->group('D:\\\\G\\xC3\\xA1bor\\\\Iskol...')
#8 D:\\Gábor\\Iskola\\12.Osztály\\Webprogramozás\\Laravel_gyorstalpalo\\vendor\\laravel\\framework\\src\\Illuminate\\Container\\BoundMethod.php(36): Illuminate\\Foundation\\Configuration\\ApplicationBuilder->Illuminate\\Foundation\\Configuration\\{closure}()
#9 D:\\Gábor\\Iskola\\12.Osztály\\Webprogramozás\\Laravel_gyorstalpalo\\vendor\\laravel\\framework\\src\\Illuminate\\Container\\Util.php(43): Illuminate\\Container\\BoundMethod::Illuminate\\Container\\{closure}()
#10 D:\\Gábor\\Iskola\\12.Osztály\\Webprogramozás\\Laravel_gyorstalpalo\\vendor\\laravel\\framework\\src\\Illuminate\\Container\\BoundMethod.php(83): Illuminate\\Container\\Util::unwrapIfClosure(Object(Closure))
#11 D:\\Gábor\\Iskola\\12.Osztály\\Webprogramozás\\Laravel_gyorstalpalo\\vendor\\laravel\\framework\\src\\Illuminate\\Container\\BoundMethod.php(35): Illuminate\\Container\\BoundMethod::callBoundMethod(Object(Illuminate\\Foundation\\Application), Object(Closure), Object(Closure))
#12 D:\\Gábor\\Iskola\\12.Osztály\\Webprogramozás\\Laravel_gyorstalpalo\\vendor\\laravel\\framework\\src\\Illuminate\\Container\\Container.php(694): Illuminate\\Container\\BoundMethod::call(Object(Illuminate\\Foundation\\Application), Object(Closure), Array, NULL)
#13 D:\\Gábor\\Iskola\\12.Osztály\\Webprogramozás\\Laravel_gyorstalpalo\\vendor\\laravel\\framework\\src\\Illuminate\\Foundation\\Support\\Providers\\RouteServiceProvider.php(162): Illuminate\\Container\\Container->call(Object(Closure))
#14 D:\\Gábor\\Iskola\\12.Osztály\\Webprogramozás\\Laravel_gyorstalpalo\\vendor\\laravel\\framework\\src\\Illuminate\\Foundation\\Support\\Providers\\RouteServiceProvider.php(59): Illuminate\\Foundation\\Support\\Providers\\RouteServiceProvider->loadRoutes()
#15 D:\\Gábor\\Iskola\\12.Osztály\\Webprogramozás\\Laravel_gyorstalpalo\\vendor\\laravel\\framework\\src\\Illuminate\\Container\\BoundMethod.php(36): Illuminate\\Foundation\\Support\\Providers\\RouteServiceProvider->Illuminate\\Foundation\\Support\\Providers\\{closure}()
#16 D:\\Gábor\\Iskola\\12.Osztály\\Webprogramozás\\Laravel_gyorstalpalo\\vendor\\laravel\\framework\\src\\Illuminate\\Container\\Util.php(43): Illuminate\\Container\\BoundMethod::Illuminate\\Container\\{closure}()
#17 D:\\Gábor\\Iskola\\12.Osztály\\Webprogramozás\\Laravel_gyorstalpalo\\vendor\\laravel\\framework\\src\\Illuminate\\Container\\BoundMethod.php(83): Illuminate\\Container\\Util::unwrapIfClosure(Object(Closure))
#18 D:\\Gábor\\Iskola\\12.Osztály\\Webprogramozás\\Laravel_gyorstalpalo\\vendor\\laravel\\framework\\src\\Illuminate\\Container\\BoundMethod.php(35): Illuminate\\Container\\BoundMethod::callBoundMethod(Object(Illuminate\\Foundation\\Application), Object(Closure), Object(Closure))
#19 D:\\Gábor\\Iskola\\12.Osztály\\Webprogramozás\\Laravel_gyorstalpalo\\vendor\\laravel\\framework\\src\\Illuminate\\Container\\Container.php(694): Illuminate\\Container\\BoundMethod::call(Object(Illuminate\\Foundation\\Application), Object(Closure), Array, NULL)
#20 D:\\Gábor\\Iskola\\12.Osztály\\Webprogramozás\\Laravel_gyorstalpalo\\vendor\\laravel\\framework\\src\\Illuminate\\Support\\ServiceProvider.php(144): Illuminate\\Container\\Container->call(Object(Closure))
#21 D:\\Gábor\\Iskola\\12.Osztály\\Webprogramozás\\Laravel_gyorstalpalo\\vendor\\laravel\\framework\\src\\Illuminate\\Foundation\\Application.php(1124): Illuminate\\Support\\ServiceProvider->callBootedCallbacks()
#22 D:\\Gábor\\Iskola\\12.Osztály\\Webprogramozás\\Laravel_gyorstalpalo\\vendor\\laravel\\framework\\src\\Illuminate\\Foundation\\Application.php(1102): Illuminate\\Foundation\\Application->bootProvider(Object(Illuminate\\Foundation\\Support\\Providers\\RouteServiceProvider))
#23 [internal function]: Illuminate\\Foundation\\Application->Illuminate\\Foundation\\{closure}(Object(Illuminate\\Foundation\\Support\\Providers\\RouteServiceProvider), 'Illuminate\\\\Foun...')
#24 D:\\Gábor\\Iskola\\12.Osztály\\Webprogramozás\\Laravel_gyorstalpalo\\vendor\\laravel\\framework\\src\\Illuminate\\Foundation\\Application.php(1101): array_walk(Array, Object(Closure))
#25 D:\\Gábor\\Iskola\\12.Osztály\\Webprogramozás\\Laravel_gyorstalpalo\\vendor\\laravel\\framework\\src\\Illuminate\\Foundation\\Bootstrap\\BootProviders.php(17): Illuminate\\Foundation\\Application->boot()
#26 D:\\Gábor\\Iskola\\12.Osztály\\Webprogramozás\\Laravel_gyorstalpalo\\vendor\\laravel\\framework\\src\\Illuminate\\Foundation\\Application.php(316): Illuminate\\Foundation\\Bootstrap\\BootProviders->bootstrap(Object(Illuminate\\Foundation\\Application))
#27 D:\\Gábor\\Iskola\\12.Osztály\\Webprogramozás\\Laravel_gyorstalpalo\\vendor\\laravel\\framework\\src\\Illuminate\\Foundation\\Console\\Kernel.php(474): Illuminate\\Foundation\\Application->bootstrapWith(Array)
#28 D:\\Gábor\\Iskola\\12.Osztály\\Webprogramozás\\Laravel_gyorstalpalo\\vendor\\laravel\\framework\\src\\Illuminate\\Foundation\\Console\\Kernel.php(196): Illuminate\\Foundation\\Console\\Kernel->bootstrap()
#29 D:\\Gábor\\Iskola\\12.Osztály\\Webprogramozás\\Laravel_gyorstalpalo\\vendor\\laravel\\framework\\src\\Illuminate\\Foundation\\Application.php(1205): Illuminate\\Foundation\\Console\\Kernel->handle(Object(Symfony\\Component\\Console\\Input\\ArgvInput), Object(Symfony\\Component\\Console\\Output\\ConsoleOutput))
#30 D:\\Gábor\\Iskola\\12.Osztály\\Webprogramozás\\Laravel_gyorstalpalo\\artisan(13): Illuminate\\Foundation\\Application->handleCommand(Object(Symfony\\Component\\Console\\Input\\ArgvInput))
#31 {main}
"} 
[2025-01-13 11:45:44] local.ERROR: require(D:\Gábor\Iskola\12.Osztály\Webprogramozás\Laravel_gyorstalpalo\routes/auth.php): Failed to open stream: No such file or directory {"exception":"[object] (ErrorException(code: 0): require(D:\\Gábor\\Iskola\\12.Osztály\\Webprogramozás\\Laravel_gyorstalpalo\\routes/auth.php): Failed to open stream: No such file or directory at D:\\Gábor\\Iskola\\12.Osztály\\Webprogramozás\\Laravel_gyorstalpalo\\routes\\web.php:41)
[stacktrace]
#0 D:\\Gábor\\Iskola\\12.Osztály\\Webprogramozás\\Laravel_gyorstalpalo\\vendor\\laravel\\framework\\src\\Illuminate\\Foundation\\Bootstrap\\HandleExceptions.php(290): Illuminate\\Foundation\\Bootstrap\\HandleExceptions->handleError(2, 'require(D:\\\\G\\xC3\\xA1b...', 'D:\\\\G\\xC3\\xA1bor\\\\Iskol...', 41)
#1 D:\\Gábor\\Iskola\\12.Osztály\\Webprogramozás\\Laravel_gyorstalpalo\\routes\\web.php(41): Illuminate\\Foundation\\Bootstrap\\HandleExceptions->Illuminate\\Foundation\\Bootstrap\\{closure}(2, 'require(D:\\\\G\\xC3\\xA1b...', 'D:\\\\G\\xC3\\xA1bor\\\\Iskol...', 41)
#2 D:\\Gábor\\Iskola\\12.Osztály\\Webprogramozás\\Laravel_gyorstalpalo\\routes\\web.php(41): require('D:\\\\G\\xC3\\xA1bor\\\\Iskol...')
#3 D:\\Gábor\\Iskola\\12.Osztály\\Webprogramozás\\Laravel_gyorstalpalo\\vendor\\laravel\\framework\\src\\Illuminate\\Routing\\RouteFileRegistrar.php(35): require('D:\\\\G\\xC3\\xA1bor\\\\Iskol...')
#4 D:\\Gábor\\Iskola\\12.Osztály\\Webprogramozás\\Laravel_gyorstalpalo\\vendor\\laravel\\framework\\src\\Illuminate\\Routing\\Router.php(513): Illuminate\\Routing\\RouteFileRegistrar->register('D:\\\\G\\xC3\\xA1bor\\\\Iskol...')
#5 D:\\Gábor\\Iskola\\12.Osztály\\Webprogramozás\\Laravel_gyorstalpalo\\vendor\\laravel\\framework\\src\\Illuminate\\Routing\\Router.php(467): Illuminate\\Routing\\Router->loadRoutes('D:\\\\G\\xC3\\xA1bor\\\\Iskol...')
#6 D:\\Gábor\\Iskola\\12.Osztály\\Webprogramozás\\Laravel_gyorstalpalo\\vendor\\laravel\\framework\\src\\Illuminate\\Routing\\RouteRegistrar.php(199): Illuminate\\Routing\\Router->group(Array, 'D:\\\\G\\xC3\\xA1bor\\\\Iskol...')
#7 D:\\Gábor\\Iskola\\12.Osztály\\Webprogramozás\\Laravel_gyorstalpalo\\vendor\\laravel\\framework\\src\\Illuminate\\Foundation\\Configuration\\ApplicationBuilder.php(248): Illuminate\\Routing\\RouteRegistrar->group('D:\\\\G\\xC3\\xA1bor\\\\Iskol...')
#8 D:\\Gábor\\Iskola\\12.Osztály\\Webprogramozás\\Laravel_gyorstalpalo\\vendor\\laravel\\framework\\src\\Illuminate\\Container\\BoundMethod.php(36): Illuminate\\Foundation\\Configuration\\ApplicationBuilder->Illuminate\\Foundation\\Configuration\\{closure}()
#9 D:\\Gábor\\Iskola\\12.Osztály\\Webprogramozás\\Laravel_gyorstalpalo\\vendor\\laravel\\framework\\src\\Illuminate\\Container\\Util.php(43): Illuminate\\Container\\BoundMethod::Illuminate\\Container\\{closure}()
#10 D:\\Gábor\\Iskola\\12.Osztály\\Webprogramozás\\Laravel_gyorstalpalo\\vendor\\laravel\\framework\\src\\Illuminate\\Container\\BoundMethod.php(83): Illuminate\\Container\\Util::unwrapIfClosure(Object(Closure))
#11 D:\\Gábor\\Iskola\\12.Osztály\\Webprogramozás\\Laravel_gyorstalpalo\\vendor\\laravel\\framework\\src\\Illuminate\\Container\\BoundMethod.php(35): Illuminate\\Container\\BoundMethod::callBoundMethod(Object(Illuminate\\Foundation\\Application), Object(Closure), Object(Closure))
#12 D:\\Gábor\\Iskola\\12.Osztály\\Webprogramozás\\Laravel_gyorstalpalo\\vendor\\laravel\\framework\\src\\Illuminate\\Container\\Container.php(694): Illuminate\\Container\\BoundMethod::call(Object(Illuminate\\Foundation\\Application), Object(Closure), Array, NULL)
#13 D:\\Gábor\\Iskola\\12.Osztály\\Webprogramozás\\Laravel_gyorstalpalo\\vendor\\laravel\\framework\\src\\Illuminate\\Foundation\\Support\\Providers\\RouteServiceProvider.php(162): Illuminate\\Container\\Container->call(Object(Closure))
#14 D:\\Gábor\\Iskola\\12.Osztály\\Webprogramozás\\Laravel_gyorstalpalo\\vendor\\laravel\\framework\\src\\Illuminate\\Foundation\\Support\\Providers\\RouteServiceProvider.php(59): Illuminate\\Foundation\\Support\\Providers\\RouteServiceProvider->loadRoutes()
#15 D:\\Gábor\\Iskola\\12.Osztály\\Webprogramozás\\Laravel_gyorstalpalo\\vendor\\laravel\\framework\\src\\Illuminate\\Container\\BoundMethod.php(36): Illuminate\\Foundation\\Support\\Providers\\RouteServiceProvider->Illuminate\\Foundation\\Support\\Providers\\{closure}()
#16 D:\\Gábor\\Iskola\\12.Osztály\\Webprogramozás\\Laravel_gyorstalpalo\\vendor\\laravel\\framework\\src\\Illuminate\\Container\\Util.php(43): Illuminate\\Container\\BoundMethod::Illuminate\\Container\\{closure}()
#17 D:\\Gábor\\Iskola\\12.Osztály\\Webprogramozás\\Laravel_gyorstalpalo\\vendor\\laravel\\framework\\src\\Illuminate\\Container\\BoundMethod.php(83): Illuminate\\Container\\Util::unwrapIfClosure(Object(Closure))
#18 D:\\Gábor\\Iskola\\12.Osztály\\Webprogramozás\\Laravel_gyorstalpalo\\vendor\\laravel\\framework\\src\\Illuminate\\Container\\BoundMethod.php(35): Illuminate\\Container\\BoundMethod::callBoundMethod(Object(Illuminate\\Foundation\\Application), Object(Closure), Object(Closure))
#19 D:\\Gábor\\Iskola\\12.Osztály\\Webprogramozás\\Laravel_gyorstalpalo\\vendor\\laravel\\framework\\src\\Illuminate\\Container\\Container.php(694): Illuminate\\Container\\BoundMethod::call(Object(Illuminate\\Foundation\\Application), Object(Closure), Array, NULL)
#20 D:\\Gábor\\Iskola\\12.Osztály\\Webprogramozás\\Laravel_gyorstalpalo\\vendor\\laravel\\framework\\src\\Illuminate\\Support\\ServiceProvider.php(144): Illuminate\\Container\\Container->call(Object(Closure))
#21 D:\\Gábor\\Iskola\\12.Osztály\\Webprogramozás\\Laravel_gyorstalpalo\\vendor\\laravel\\framework\\src\\Illuminate\\Foundation\\Application.php(1124): Illuminate\\Support\\ServiceProvider->callBootedCallbacks()
#22 D:\\Gábor\\Iskola\\12.Osztály\\Webprogramozás\\Laravel_gyorstalpalo\\vendor\\laravel\\framework\\src\\Illuminate\\Foundation\\Application.php(1102): Illuminate\\Foundation\\Application->bootProvider(Object(Illuminate\\Foundation\\Support\\Providers\\RouteServiceProvider))
#23 [internal function]: Illuminate\\Foundation\\Application->Illuminate\\Foundation\\{closure}(Object(Illuminate\\Foundation\\Support\\Providers\\RouteServiceProvider), 'Illuminate\\\\Foun...')
#24 D:\\Gábor\\Iskola\\12.Osztály\\Webprogramozás\\Laravel_gyorstalpalo\\vendor\\laravel\\framework\\src\\Illuminate\\Foundation\\Application.php(1101): array_walk(Array, Object(Closure))
#25 D:\\Gábor\\Iskola\\12.Osztály\\Webprogramozás\\Laravel_gyorstalpalo\\vendor\\laravel\\framework\\src\\Illuminate\\Foundation\\Bootstrap\\BootProviders.php(17): Illuminate\\Foundation\\Application->boot()
#26 D:\\Gábor\\Iskola\\12.Osztály\\Webprogramozás\\Laravel_gyorstalpalo\\vendor\\laravel\\framework\\src\\Illuminate\\Foundation\\Application.php(316): Illuminate\\Foundation\\Bootstrap\\BootProviders->bootstrap(Object(Illuminate\\Foundation\\Application))
#27 D:\\Gábor\\Iskola\\12.Osztály\\Webprogramozás\\Laravel_gyorstalpalo\\vendor\\laravel\\framework\\src\\Illuminate\\Foundation\\Console\\Kernel.php(474): Illuminate\\Foundation\\Application->bootstrapWith(Array)
#28 D:\\Gábor\\Iskola\\12.Osztály\\Webprogramozás\\Laravel_gyorstalpalo\\vendor\\laravel\\framework\\src\\Illuminate\\Foundation\\Console\\Kernel.php(196): Illuminate\\Foundation\\Console\\Kernel->bootstrap()
#29 D:\\Gábor\\Iskola\\12.Osztály\\Webprogramozás\\Laravel_gyorstalpalo\\vendor\\laravel\\framework\\src\\Illuminate\\Foundation\\Application.php(1205): Illuminate\\Foundation\\Console\\Kernel->handle(Object(Symfony\\Component\\Console\\Input\\ArgvInput), Object(Symfony\\Component\\Console\\Output\\ConsoleOutput))
#30 D:\\Gábor\\Iskola\\12.Osztály\\Webprogramozás\\Laravel_gyorstalpalo\\artisan(13): Illuminate\\Foundation\\Application->handleCommand(Object(Symfony\\Component\\Console\\Input\\ArgvInput))
#31 {main}
"} 
[2025-01-13 11:46:57] local.ERROR: require(D:\Gábor\Iskola\12.Osztály\Webprogramozás\Laravel_gyorstalpalo\routes/auth.php): Failed to open stream: No such file or directory {"exception":"[object] (ErrorException(code: 0): require(D:\\Gábor\\Iskola\\12.Osztály\\Webprogramozás\\Laravel_gyorstalpalo\\routes/auth.php): Failed to open stream: No such file or directory at D:\\Gábor\\Iskola\\12.Osztály\\Webprogramozás\\Laravel_gyorstalpalo\\routes\\web.php:41)
[stacktrace]
#0 D:\\Gábor\\Iskola\\12.Osztály\\Webprogramozás\\Laravel_gyorstalpalo\\vendor\\laravel\\framework\\src\\Illuminate\\Foundation\\Bootstrap\\HandleExceptions.php(290): Illuminate\\Foundation\\Bootstrap\\HandleExceptions->handleError(2, 'require(D:\\\\G\\xC3\\xA1b...', 'D:\\\\G\\xC3\\xA1bor\\\\Iskol...', 41)
#1 D:\\Gábor\\Iskola\\12.Osztály\\Webprogramozás\\Laravel_gyorstalpalo\\routes\\web.php(41): Illuminate\\Foundation\\Bootstrap\\HandleExceptions->Illuminate\\Foundation\\Bootstrap\\{closure}(2, 'require(D:\\\\G\\xC3\\xA1b...', 'D:\\\\G\\xC3\\xA1bor\\\\Iskol...', 41)
#2 D:\\Gábor\\Iskola\\12.Osztály\\Webprogramozás\\Laravel_gyorstalpalo\\routes\\web.php(41): require('D:\\\\G\\xC3\\xA1bor\\\\Iskol...')
#3 D:\\Gábor\\Iskola\\12.Osztály\\Webprogramozás\\Laravel_gyorstalpalo\\vendor\\laravel\\framework\\src\\Illuminate\\Routing\\RouteFileRegistrar.php(35): require('D:\\\\G\\xC3\\xA1bor\\\\Iskol...')
#4 D:\\Gábor\\Iskola\\12.Osztály\\Webprogramozás\\Laravel_gyorstalpalo\\vendor\\laravel\\framework\\src\\Illuminate\\Routing\\Router.php(513): Illuminate\\Routing\\RouteFileRegistrar->register('D:\\\\G\\xC3\\xA1bor\\\\Iskol...')
#5 D:\\Gábor\\Iskola\\12.Osztály\\Webprogramozás\\Laravel_gyorstalpalo\\vendor\\laravel\\framework\\src\\Illuminate\\Routing\\Router.php(467): Illuminate\\Routing\\Router->loadRoutes('D:\\\\G\\xC3\\xA1bor\\\\Iskol...')
#6 D:\\Gábor\\Iskola\\12.Osztály\\Webprogramozás\\Laravel_gyorstalpalo\\vendor\\laravel\\framework\\src\\Illuminate\\Routing\\RouteRegistrar.php(199): Illuminate\\Routing\\Router->group(Array, 'D:\\\\G\\xC3\\xA1bor\\\\Iskol...')
#7 D:\\Gábor\\Iskola\\12.Osztály\\Webprogramozás\\Laravel_gyorstalpalo\\vendor\\laravel\\framework\\src\\Illuminate\\Foundation\\Configuration\\ApplicationBuilder.php(248): Illuminate\\Routing\\RouteRegistrar->group('D:\\\\G\\xC3\\xA1bor\\\\Iskol...')
#8 D:\\Gábor\\Iskola\\12.Osztály\\Webprogramozás\\Laravel_gyorstalpalo\\vendor\\laravel\\framework\\src\\Illuminate\\Container\\BoundMethod.php(36): Illuminate\\Foundation\\Configuration\\ApplicationBuilder->Illuminate\\Foundation\\Configuration\\{closure}()
#9 D:\\Gábor\\Iskola\\12.Osztály\\Webprogramozás\\Laravel_gyorstalpalo\\vendor\\laravel\\framework\\src\\Illuminate\\Container\\Util.php(43): Illuminate\\Container\\BoundMethod::Illuminate\\Container\\{closure}()
#10 D:\\Gábor\\Iskola\\12.Osztály\\Webprogramozás\\Laravel_gyorstalpalo\\vendor\\laravel\\framework\\src\\Illuminate\\Container\\BoundMethod.php(83): Illuminate\\Container\\Util::unwrapIfClosure(Object(Closure))
#11 D:\\Gábor\\Iskola\\12.Osztály\\Webprogramozás\\Laravel_gyorstalpalo\\vendor\\laravel\\framework\\src\\Illuminate\\Container\\BoundMethod.php(35): Illuminate\\Container\\BoundMethod::callBoundMethod(Object(Illuminate\\Foundation\\Application), Object(Closure), Object(Closure))
#12 D:\\Gábor\\Iskola\\12.Osztály\\Webprogramozás\\Laravel_gyorstalpalo\\vendor\\laravel\\framework\\src\\Illuminate\\Container\\Container.php(694): Illuminate\\Container\\BoundMethod::call(Object(Illuminate\\Foundation\\Application), Object(Closure), Array, NULL)
#13 D:\\Gábor\\Iskola\\12.Osztály\\Webprogramozás\\Laravel_gyorstalpalo\\vendor\\laravel\\framework\\src\\Illuminate\\Foundation\\Support\\Providers\\RouteServiceProvider.php(162): Illuminate\\Container\\Container->call(Object(Closure))
#14 D:\\Gábor\\Iskola\\12.Osztály\\Webprogramozás\\Laravel_gyorstalpalo\\vendor\\laravel\\framework\\src\\Illuminate\\Foundation\\Support\\Providers\\RouteServiceProvider.php(59): Illuminate\\Foundation\\Support\\Providers\\RouteServiceProvider->loadRoutes()
#15 D:\\Gábor\\Iskola\\12.Osztály\\Webprogramozás\\Laravel_gyorstalpalo\\vendor\\laravel\\framework\\src\\Illuminate\\Container\\BoundMethod.php(36): Illuminate\\Foundation\\Support\\Providers\\RouteServiceProvider->Illuminate\\Foundation\\Support\\Providers\\{closure}()
#16 D:\\Gábor\\Iskola\\12.Osztály\\Webprogramozás\\Laravel_gyorstalpalo\\vendor\\laravel\\framework\\src\\Illuminate\\Container\\Util.php(43): Illuminate\\Container\\BoundMethod::Illuminate\\Container\\{closure}()
#17 D:\\Gábor\\Iskola\\12.Osztály\\Webprogramozás\\Laravel_gyorstalpalo\\vendor\\laravel\\framework\\src\\Illuminate\\Container\\BoundMethod.php(83): Illuminate\\Container\\Util::unwrapIfClosure(Object(Closure))
#18 D:\\Gábor\\Iskola\\12.Osztály\\Webprogramozás\\Laravel_gyorstalpalo\\vendor\\laravel\\framework\\src\\Illuminate\\Container\\BoundMethod.php(35): Illuminate\\Container\\BoundMethod::callBoundMethod(Object(Illuminate\\Foundation\\Application), Object(Closure), Object(Closure))
#19 D:\\Gábor\\Iskola\\12.Osztály\\Webprogramozás\\Laravel_gyorstalpalo\\vendor\\laravel\\framework\\src\\Illuminate\\Container\\Container.php(694): Illuminate\\Container\\BoundMethod::call(Object(Illuminate\\Foundation\\Application), Object(Closure), Array, NULL)
#20 D:\\Gábor\\Iskola\\12.Osztály\\Webprogramozás\\Laravel_gyorstalpalo\\vendor\\laravel\\framework\\src\\Illuminate\\Support\\ServiceProvider.php(144): Illuminate\\Container\\Container->call(Object(Closure))
#21 D:\\Gábor\\Iskola\\12.Osztály\\Webprogramozás\\Laravel_gyorstalpalo\\vendor\\laravel\\framework\\src\\Illuminate\\Foundation\\Application.php(1124): Illuminate\\Support\\ServiceProvider->callBootedCallbacks()
#22 D:\\Gábor\\Iskola\\12.Osztály\\Webprogramozás\\Laravel_gyorstalpalo\\vendor\\laravel\\framework\\src\\Illuminate\\Foundation\\Application.php(1102): Illuminate\\Foundation\\Application->bootProvider(Object(Illuminate\\Foundation\\Support\\Providers\\RouteServiceProvider))
#23 [internal function]: Illuminate\\Foundation\\Application->Illuminate\\Foundation\\{closure}(Object(Illuminate\\Foundation\\Support\\Providers\\RouteServiceProvider), 'Illuminate\\\\Foun...')
#24 D:\\Gábor\\Iskola\\12.Osztály\\Webprogramozás\\Laravel_gyorstalpalo\\vendor\\laravel\\framework\\src\\Illuminate\\Foundation\\Application.php(1101): array_walk(Array, Object(Closure))
#25 D:\\Gábor\\Iskola\\12.Osztály\\Webprogramozás\\Laravel_gyorstalpalo\\vendor\\laravel\\framework\\src\\Illuminate\\Foundation\\Bootstrap\\BootProviders.php(17): Illuminate\\Foundation\\Application->boot()
#26 D:\\Gábor\\Iskola\\12.Osztály\\Webprogramozás\\Laravel_gyorstalpalo\\vendor\\laravel\\framework\\src\\Illuminate\\Foundation\\Application.php(316): Illuminate\\Foundation\\Bootstrap\\BootProviders->bootstrap(Object(Illuminate\\Foundation\\Application))
#27 D:\\Gábor\\Iskola\\12.Osztály\\Webprogramozás\\Laravel_gyorstalpalo\\vendor\\laravel\\framework\\src\\Illuminate\\Foundation\\Console\\Kernel.php(474): Illuminate\\Foundation\\Application->bootstrapWith(Array)
#28 D:\\Gábor\\Iskola\\12.Osztály\\Webprogramozás\\Laravel_gyorstalpalo\\vendor\\laravel\\framework\\src\\Illuminate\\Foundation\\Console\\Kernel.php(196): Illuminate\\Foundation\\Console\\Kernel->bootstrap()
#29 D:\\Gábor\\Iskola\\12.Osztály\\Webprogramozás\\Laravel_gyorstalpalo\\vendor\\laravel\\framework\\src\\Illuminate\\Foundation\\Application.php(1205): Illuminate\\Foundation\\Console\\Kernel->handle(Object(Symfony\\Component\\Console\\Input\\ArgvInput), Object(Symfony\\Component\\Console\\Output\\ConsoleOutput))
#30 D:\\Gábor\\Iskola\\12.Osztály\\Webprogramozás\\Laravel_gyorstalpalo\\artisan(13): Illuminate\\Foundation\\Application->handleCommand(Object(Symfony\\Component\\Console\\Input\\ArgvInput))
#31 {main}
"} 
[2025-01-13 11:52:44] local.ERROR: require(D:\Gábor\Iskola\12.Osztály\Webprogramozás\Laravel_gyorstalpalo\routes/auth.php): Failed to open stream: No such file or directory {"exception":"[object] (ErrorException(code: 0): require(D:\\Gábor\\Iskola\\12.Osztály\\Webprogramozás\\Laravel_gyorstalpalo\\routes/auth.php): Failed to open stream: No such file or directory at D:\\Gábor\\Iskola\\12.Osztály\\Webprogramozás\\Laravel_gyorstalpalo\\routes\\web.php:42)
[stacktrace]
#0 D:\\Gábor\\Iskola\\12.Osztály\\Webprogramozás\\Laravel_gyorstalpalo\\vendor\\laravel\\framework\\src\\Illuminate\\Foundation\\Bootstrap\\HandleExceptions.php(290): Illuminate\\Foundation\\Bootstrap\\HandleExceptions->handleError(2, 'require(D:\\\\G\\xC3\\xA1b...', 'D:\\\\G\\xC3\\xA1bor\\\\Iskol...', 42)
#1 D:\\Gábor\\Iskola\\12.Osztály\\Webprogramozás\\Laravel_gyorstalpalo\\routes\\web.php(42): Illuminate\\Foundation\\Bootstrap\\HandleExceptions->Illuminate\\Foundation\\Bootstrap\\{closure}(2, 'require(D:\\\\G\\xC3\\xA1b...', 'D:\\\\G\\xC3\\xA1bor\\\\Iskol...', 42)
#2 D:\\Gábor\\Iskola\\12.Osztály\\Webprogramozás\\Laravel_gyorstalpalo\\routes\\web.php(42): require('D:\\\\G\\xC3\\xA1bor\\\\Iskol...')
#3 D:\\Gábor\\Iskola\\12.Osztály\\Webprogramozás\\Laravel_gyorstalpalo\\vendor\\laravel\\framework\\src\\Illuminate\\Routing\\RouteFileRegistrar.php(35): require('D:\\\\G\\xC3\\xA1bor\\\\Iskol...')
#4 D:\\Gábor\\Iskola\\12.Osztály\\Webprogramozás\\Laravel_gyorstalpalo\\vendor\\laravel\\framework\\src\\Illuminate\\Routing\\Router.php(513): Illuminate\\Routing\\RouteFileRegistrar->register('D:\\\\G\\xC3\\xA1bor\\\\Iskol...')
#5 D:\\Gábor\\Iskola\\12.Osztály\\Webprogramozás\\Laravel_gyorstalpalo\\vendor\\laravel\\framework\\src\\Illuminate\\Routing\\Router.php(467): Illuminate\\Routing\\Router->loadRoutes('D:\\\\G\\xC3\\xA1bor\\\\Iskol...')
#6 D:\\Gábor\\Iskola\\12.Osztály\\Webprogramozás\\Laravel_gyorstalpalo\\vendor\\laravel\\framework\\src\\Illuminate\\Routing\\RouteRegistrar.php(199): Illuminate\\Routing\\Router->group(Array, 'D:\\\\G\\xC3\\xA1bor\\\\Iskol...')
#7 D:\\Gábor\\Iskola\\12.Osztály\\Webprogramozás\\Laravel_gyorstalpalo\\vendor\\laravel\\framework\\src\\Illuminate\\Foundation\\Configuration\\ApplicationBuilder.php(248): Illuminate\\Routing\\RouteRegistrar->group('D:\\\\G\\xC3\\xA1bor\\\\Iskol...')
#8 D:\\Gábor\\Iskola\\12.Osztály\\Webprogramozás\\Laravel_gyorstalpalo\\vendor\\laravel\\framework\\src\\Illuminate\\Container\\BoundMethod.php(36): Illuminate\\Foundation\\Configuration\\ApplicationBuilder->Illuminate\\Foundation\\Configuration\\{closure}()
#9 D:\\Gábor\\Iskola\\12.Osztály\\Webprogramozás\\Laravel_gyorstalpalo\\vendor\\laravel\\framework\\src\\Illuminate\\Container\\Util.php(43): Illuminate\\Container\\BoundMethod::Illuminate\\Container\\{closure}()
#10 D:\\Gábor\\Iskola\\12.Osztály\\Webprogramozás\\Laravel_gyorstalpalo\\vendor\\laravel\\framework\\src\\Illuminate\\Container\\BoundMethod.php(83): Illuminate\\Container\\Util::unwrapIfClosure(Object(Closure))
#11 D:\\Gábor\\Iskola\\12.Osztály\\Webprogramozás\\Laravel_gyorstalpalo\\vendor\\laravel\\framework\\src\\Illuminate\\Container\\BoundMethod.php(35): Illuminate\\Container\\BoundMethod::callBoundMethod(Object(Illuminate\\Foundation\\Application), Object(Closure), Object(Closure))
#12 D:\\Gábor\\Iskola\\12.Osztály\\Webprogramozás\\Laravel_gyorstalpalo\\vendor\\laravel\\framework\\src\\Illuminate\\Container\\Container.php(694): Illuminate\\Container\\BoundMethod::call(Object(Illuminate\\Foundation\\Application), Object(Closure), Array, NULL)
#13 D:\\Gábor\\Iskola\\12.Osztály\\Webprogramozás\\Laravel_gyorstalpalo\\vendor\\laravel\\framework\\src\\Illuminate\\Foundation\\Support\\Providers\\RouteServiceProvider.php(162): Illuminate\\Container\\Container->call(Object(Closure))
#14 D:\\Gábor\\Iskola\\12.Osztály\\Webprogramozás\\Laravel_gyorstalpalo\\vendor\\laravel\\framework\\src\\Illuminate\\Foundation\\Support\\Providers\\RouteServiceProvider.php(59): Illuminate\\Foundation\\Support\\Providers\\RouteServiceProvider->loadRoutes()
#15 D:\\Gábor\\Iskola\\12.Osztály\\Webprogramozás\\Laravel_gyorstalpalo\\vendor\\laravel\\framework\\src\\Illuminate\\Container\\BoundMethod.php(36): Illuminate\\Foundation\\Support\\Providers\\RouteServiceProvider->Illuminate\\Foundation\\Support\\Providers\\{closure}()
#16 D:\\Gábor\\Iskola\\12.Osztály\\Webprogramozás\\Laravel_gyorstalpalo\\vendor\\laravel\\framework\\src\\Illuminate\\Container\\Util.php(43): Illuminate\\Container\\BoundMethod::Illuminate\\Container\\{closure}()
#17 D:\\Gábor\\Iskola\\12.Osztály\\Webprogramozás\\Laravel_gyorstalpalo\\vendor\\laravel\\framework\\src\\Illuminate\\Container\\BoundMethod.php(83): Illuminate\\Container\\Util::unwrapIfClosure(Object(Closure))
#18 D:\\Gábor\\Iskola\\12.Osztály\\Webprogramozás\\Laravel_gyorstalpalo\\vendor\\laravel\\framework\\src\\Illuminate\\Container\\BoundMethod.php(35): Illuminate\\Container\\BoundMethod::callBoundMethod(Object(Illuminate\\Foundation\\Application), Object(Closure), Object(Closure))
#19 D:\\Gábor\\Iskola\\12.Osztály\\Webprogramozás\\Laravel_gyorstalpalo\\vendor\\laravel\\framework\\src\\Illuminate\\Container\\Container.php(694): Illuminate\\Container\\BoundMethod::call(Object(Illuminate\\Foundation\\Application), Object(Closure), Array, NULL)
#20 D:\\Gábor\\Iskola\\12.Osztály\\Webprogramozás\\Laravel_gyorstalpalo\\vendor\\laravel\\framework\\src\\Illuminate\\Support\\ServiceProvider.php(144): Illuminate\\Container\\Container->call(Object(Closure))
#21 D:\\Gábor\\Iskola\\12.Osztály\\Webprogramozás\\Laravel_gyorstalpalo\\vendor\\laravel\\framework\\src\\Illuminate\\Foundation\\Application.php(1124): Illuminate\\Support\\ServiceProvider->callBootedCallbacks()
#22 D:\\Gábor\\Iskola\\12.Osztály\\Webprogramozás\\Laravel_gyorstalpalo\\vendor\\laravel\\framework\\src\\Illuminate\\Foundation\\Application.php(1102): Illuminate\\Foundation\\Application->bootProvider(Object(Illuminate\\Foundation\\Support\\Providers\\RouteServiceProvider))
#23 [internal function]: Illuminate\\Foundation\\Application->Illuminate\\Foundation\\{closure}(Object(Illuminate\\Foundation\\Support\\Providers\\RouteServiceProvider), 'Illuminate\\\\Foun...')
#24 D:\\Gábor\\Iskola\\12.Osztály\\Webprogramozás\\Laravel_gyorstalpalo\\vendor\\laravel\\framework\\src\\Illuminate\\Foundation\\Application.php(1101): array_walk(Array, Object(Closure))
#25 D:\\Gábor\\Iskola\\12.Osztály\\Webprogramozás\\Laravel_gyorstalpalo\\vendor\\laravel\\framework\\src\\Illuminate\\Foundation\\Bootstrap\\BootProviders.php(17): Illuminate\\Foundation\\Application->boot()
#26 D:\\Gábor\\Iskola\\12.Osztály\\Webprogramozás\\Laravel_gyorstalpalo\\vendor\\laravel\\framework\\src\\Illuminate\\Foundation\\Application.php(316): Illuminate\\Foundation\\Bootstrap\\BootProviders->bootstrap(Object(Illuminate\\Foundation\\Application))
#27 D:\\Gábor\\Iskola\\12.Osztály\\Webprogramozás\\Laravel_gyorstalpalo\\vendor\\laravel\\framework\\src\\Illuminate\\Foundation\\Console\\Kernel.php(474): Illuminate\\Foundation\\Application->bootstrapWith(Array)
#28 D:\\Gábor\\Iskola\\12.Osztály\\Webprogramozás\\Laravel_gyorstalpalo\\vendor\\laravel\\framework\\src\\Illuminate\\Foundation\\Console\\Kernel.php(196): Illuminate\\Foundation\\Console\\Kernel->bootstrap()
#29 D:\\Gábor\\Iskola\\12.Osztály\\Webprogramozás\\Laravel_gyorstalpalo\\vendor\\laravel\\framework\\src\\Illuminate\\Foundation\\Application.php(1205): Illuminate\\Foundation\\Console\\Kernel->handle(Object(Symfony\\Component\\Console\\Input\\ArgvInput), Object(Symfony\\Component\\Console\\Output\\ConsoleOutput))
#30 D:\\Gábor\\Iskola\\12.Osztály\\Webprogramozás\\Laravel_gyorstalpalo\\artisan(13): Illuminate\\Foundation\\Application->handleCommand(Object(Symfony\\Component\\Console\\Input\\ArgvInput))
#31 {main}
"} 
[2025-01-13 11:56:27] local.ERROR: require(D:\Gábor\Iskola\12.Osztály\Webprogramozás\Laravel_gyorstalpalo\routes/auth.php): Failed to open stream: No such file or directory {"exception":"[object] (ErrorException(code: 0): require(D:\\Gábor\\Iskola\\12.Osztály\\Webprogramozás\\Laravel_gyorstalpalo\\routes/auth.php): Failed to open stream: No such file or directory at D:\\Gábor\\Iskola\\12.Osztály\\Webprogramozás\\Laravel_gyorstalpalo\\routes\\web.php:42)
[stacktrace]
#0 D:\\Gábor\\Iskola\\12.Osztály\\Webprogramozás\\Laravel_gyorstalpalo\\vendor\\laravel\\framework\\src\\Illuminate\\Foundation\\Bootstrap\\HandleExceptions.php(290): Illuminate\\Foundation\\Bootstrap\\HandleExceptions->handleError(2, 'require(D:\\\\G\\xC3\\xA1b...', 'D:\\\\G\\xC3\\xA1bor\\\\Iskol...', 42)
#1 D:\\Gábor\\Iskola\\12.Osztály\\Webprogramozás\\Laravel_gyorstalpalo\\routes\\web.php(42): Illuminate\\Foundation\\Bootstrap\\HandleExceptions->Illuminate\\Foundation\\Bootstrap\\{closure}(2, 'require(D:\\\\G\\xC3\\xA1b...', 'D:\\\\G\\xC3\\xA1bor\\\\Iskol...', 42)
#2 D:\\Gábor\\Iskola\\12.Osztály\\Webprogramozás\\Laravel_gyorstalpalo\\routes\\web.php(42): require('D:\\\\G\\xC3\\xA1bor\\\\Iskol...')
#3 D:\\Gábor\\Iskola\\12.Osztály\\Webprogramozás\\Laravel_gyorstalpalo\\vendor\\laravel\\framework\\src\\Illuminate\\Routing\\RouteFileRegistrar.php(35): require('D:\\\\G\\xC3\\xA1bor\\\\Iskol...')
#4 D:\\Gábor\\Iskola\\12.Osztály\\Webprogramozás\\Laravel_gyorstalpalo\\vendor\\laravel\\framework\\src\\Illuminate\\Routing\\Router.php(513): Illuminate\\Routing\\RouteFileRegistrar->register('D:\\\\G\\xC3\\xA1bor\\\\Iskol...')
#5 D:\\Gábor\\Iskola\\12.Osztály\\Webprogramozás\\Laravel_gyorstalpalo\\vendor\\laravel\\framework\\src\\Illuminate\\Routing\\Router.php(467): Illuminate\\Routing\\Router->loadRoutes('D:\\\\G\\xC3\\xA1bor\\\\Iskol...')
#6 D:\\Gábor\\Iskola\\12.Osztály\\Webprogramozás\\Laravel_gyorstalpalo\\vendor\\laravel\\framework\\src\\Illuminate\\Routing\\RouteRegistrar.php(199): Illuminate\\Routing\\Router->group(Array, 'D:\\\\G\\xC3\\xA1bor\\\\Iskol...')
#7 D:\\Gábor\\Iskola\\12.Osztály\\Webprogramozás\\Laravel_gyorstalpalo\\vendor\\laravel\\framework\\src\\Illuminate\\Foundation\\Configuration\\ApplicationBuilder.php(248): Illuminate\\Routing\\RouteRegistrar->group('D:\\\\G\\xC3\\xA1bor\\\\Iskol...')
#8 D:\\Gábor\\Iskola\\12.Osztály\\Webprogramozás\\Laravel_gyorstalpalo\\vendor\\laravel\\framework\\src\\Illuminate\\Container\\BoundMethod.php(36): Illuminate\\Foundation\\Configuration\\ApplicationBuilder->Illuminate\\Foundation\\Configuration\\{closure}()
#9 D:\\Gábor\\Iskola\\12.Osztály\\Webprogramozás\\Laravel_gyorstalpalo\\vendor\\laravel\\framework\\src\\Illuminate\\Container\\Util.php(43): Illuminate\\Container\\BoundMethod::Illuminate\\Container\\{closure}()
#10 D:\\Gábor\\Iskola\\12.Osztály\\Webprogramozás\\Laravel_gyorstalpalo\\vendor\\laravel\\framework\\src\\Illuminate\\Container\\BoundMethod.php(83): Illuminate\\Container\\Util::unwrapIfClosure(Object(Closure))
#11 D:\\Gábor\\Iskola\\12.Osztály\\Webprogramozás\\Laravel_gyorstalpalo\\vendor\\laravel\\framework\\src\\Illuminate\\Container\\BoundMethod.php(35): Illuminate\\Container\\BoundMethod::callBoundMethod(Object(Illuminate\\Foundation\\Application), Object(Closure), Object(Closure))
#12 D:\\Gábor\\Iskola\\12.Osztály\\Webprogramozás\\Laravel_gyorstalpalo\\vendor\\laravel\\framework\\src\\Illuminate\\Container\\Container.php(694): Illuminate\\Container\\BoundMethod::call(Object(Illuminate\\Foundation\\Application), Object(Closure), Array, NULL)
#13 D:\\Gábor\\Iskola\\12.Osztály\\Webprogramozás\\Laravel_gyorstalpalo\\vendor\\laravel\\framework\\src\\Illuminate\\Foundation\\Support\\Providers\\RouteServiceProvider.php(162): Illuminate\\Container\\Container->call(Object(Closure))
#14 D:\\Gábor\\Iskola\\12.Osztály\\Webprogramozás\\Laravel_gyorstalpalo\\vendor\\laravel\\framework\\src\\Illuminate\\Foundation\\Support\\Providers\\RouteServiceProvider.php(59): Illuminate\\Foundation\\Support\\Providers\\RouteServiceProvider->loadRoutes()
#15 D:\\Gábor\\Iskola\\12.Osztály\\Webprogramozás\\Laravel_gyorstalpalo\\vendor\\laravel\\framework\\src\\Illuminate\\Container\\BoundMethod.php(36): Illuminate\\Foundation\\Support\\Providers\\RouteServiceProvider->Illuminate\\Foundation\\Support\\Providers\\{closure}()
#16 D:\\Gábor\\Iskola\\12.Osztály\\Webprogramozás\\Laravel_gyorstalpalo\\vendor\\laravel\\framework\\src\\Illuminate\\Container\\Util.php(43): Illuminate\\Container\\BoundMethod::Illuminate\\Container\\{closure}()
#17 D:\\Gábor\\Iskola\\12.Osztály\\Webprogramozás\\Laravel_gyorstalpalo\\vendor\\laravel\\framework\\src\\Illuminate\\Container\\BoundMethod.php(83): Illuminate\\Container\\Util::unwrapIfClosure(Object(Closure))
#18 D:\\Gábor\\Iskola\\12.Osztály\\Webprogramozás\\Laravel_gyorstalpalo\\vendor\\laravel\\framework\\src\\Illuminate\\Container\\BoundMethod.php(35): Illuminate\\Container\\BoundMethod::callBoundMethod(Object(Illuminate\\Foundation\\Application), Object(Closure), Object(Closure))
#19 D:\\Gábor\\Iskola\\12.Osztály\\Webprogramozás\\Laravel_gyorstalpalo\\vendor\\laravel\\framework\\src\\Illuminate\\Container\\Container.php(694): Illuminate\\Container\\BoundMethod::call(Object(Illuminate\\Foundation\\Application), Object(Closure), Array, NULL)
#20 D:\\Gábor\\Iskola\\12.Osztály\\Webprogramozás\\Laravel_gyorstalpalo\\vendor\\laravel\\framework\\src\\Illuminate\\Support\\ServiceProvider.php(144): Illuminate\\Container\\Container->call(Object(Closure))
#21 D:\\Gábor\\Iskola\\12.Osztály\\Webprogramozás\\Laravel_gyorstalpalo\\vendor\\laravel\\framework\\src\\Illuminate\\Foundation\\Application.php(1124): Illuminate\\Support\\ServiceProvider->callBootedCallbacks()
#22 D:\\Gábor\\Iskola\\12.Osztály\\Webprogramozás\\Laravel_gyorstalpalo\\vendor\\laravel\\framework\\src\\Illuminate\\Foundation\\Application.php(1102): Illuminate\\Foundation\\Application->bootProvider(Object(Illuminate\\Foundation\\Support\\Providers\\RouteServiceProvider))
#23 [internal function]: Illuminate\\Foundation\\Application->Illuminate\\Foundation\\{closure}(Object(Illuminate\\Foundation\\Support\\Providers\\RouteServiceProvider), 'Illuminate\\\\Foun...')
#24 D:\\Gábor\\Iskola\\12.Osztály\\Webprogramozás\\Laravel_gyorstalpalo\\vendor\\laravel\\framework\\src\\Illuminate\\Foundation\\Application.php(1101): array_walk(Array, Object(Closure))
#25 D:\\Gábor\\Iskola\\12.Osztály\\Webprogramozás\\Laravel_gyorstalpalo\\vendor\\laravel\\framework\\src\\Illuminate\\Foundation\\Bootstrap\\BootProviders.php(17): Illuminate\\Foundation\\Application->boot()
#26 D:\\Gábor\\Iskola\\12.Osztály\\Webprogramozás\\Laravel_gyorstalpalo\\vendor\\laravel\\framework\\src\\Illuminate\\Foundation\\Application.php(316): Illuminate\\Foundation\\Bootstrap\\BootProviders->bootstrap(Object(Illuminate\\Foundation\\Application))
#27 D:\\Gábor\\Iskola\\12.Osztály\\Webprogramozás\\Laravel_gyorstalpalo\\vendor\\laravel\\framework\\src\\Illuminate\\Foundation\\Console\\Kernel.php(474): Illuminate\\Foundation\\Application->bootstrapWith(Array)
#28 D:\\Gábor\\Iskola\\12.Osztály\\Webprogramozás\\Laravel_gyorstalpalo\\vendor\\laravel\\framework\\src\\Illuminate\\Foundation\\Console\\Kernel.php(196): Illuminate\\Foundation\\Console\\Kernel->bootstrap()
#29 D:\\Gábor\\Iskola\\12.Osztály\\Webprogramozás\\Laravel_gyorstalpalo\\vendor\\laravel\\framework\\src\\Illuminate\\Foundation\\Application.php(1205): Illuminate\\Foundation\\Console\\Kernel->handle(Object(Symfony\\Component\\Console\\Input\\ArgvInput), Object(Symfony\\Component\\Console\\Output\\ConsoleOutput))
#30 D:\\Gábor\\Iskola\\12.Osztály\\Webprogramozás\\Laravel_gyorstalpalo\\artisan(13): Illuminate\\Foundation\\Application->handleCommand(Object(Symfony\\Component\\Console\\Input\\ArgvInput))
#31 {main}
"} 
[2025-01-13 12:19:54] local.ERROR: require(D:\Gábor\Iskola\12.Osztály\Webprogramozás\Laravel_gyorstalpalo\routes/auth.php): Failed to open stream: No such file or directory {"exception":"[object] (ErrorException(code: 0): require(D:\\Gábor\\Iskola\\12.Osztály\\Webprogramozás\\Laravel_gyorstalpalo\\routes/auth.php): Failed to open stream: No such file or directory at D:\\Gábor\\Iskola\\12.Osztály\\Webprogramozás\\Laravel_gyorstalpalo\\routes\\web.php:42)
[stacktrace]
#0 D:\\Gábor\\Iskola\\12.Osztály\\Webprogramozás\\Laravel_gyorstalpalo\\vendor\\laravel\\framework\\src\\Illuminate\\Foundation\\Bootstrap\\HandleExceptions.php(290): Illuminate\\Foundation\\Bootstrap\\HandleExceptions->handleError(2, 'require(D:\\\\G\\xC3\\xA1b...', 'D:\\\\G\\xC3\\xA1bor\\\\Iskol...', 42)
#1 D:\\Gábor\\Iskola\\12.Osztály\\Webprogramozás\\Laravel_gyorstalpalo\\routes\\web.php(42): Illuminate\\Foundation\\Bootstrap\\HandleExceptions->Illuminate\\Foundation\\Bootstrap\\{closure}(2, 'require(D:\\\\G\\xC3\\xA1b...', 'D:\\\\G\\xC3\\xA1bor\\\\Iskol...', 42)
#2 D:\\Gábor\\Iskola\\12.Osztály\\Webprogramozás\\Laravel_gyorstalpalo\\routes\\web.php(42): require('D:\\\\G\\xC3\\xA1bor\\\\Iskol...')
#3 D:\\Gábor\\Iskola\\12.Osztály\\Webprogramozás\\Laravel_gyorstalpalo\\vendor\\laravel\\framework\\src\\Illuminate\\Routing\\RouteFileRegistrar.php(35): require('D:\\\\G\\xC3\\xA1bor\\\\Iskol...')
#4 D:\\Gábor\\Iskola\\12.Osztály\\Webprogramozás\\Laravel_gyorstalpalo\\vendor\\laravel\\framework\\src\\Illuminate\\Routing\\Router.php(513): Illuminate\\Routing\\RouteFileRegistrar->register('D:\\\\G\\xC3\\xA1bor\\\\Iskol...')
#5 D:\\Gábor\\Iskola\\12.Osztály\\Webprogramozás\\Laravel_gyorstalpalo\\vendor\\laravel\\framework\\src\\Illuminate\\Routing\\Router.php(467): Illuminate\\Routing\\Router->loadRoutes('D:\\\\G\\xC3\\xA1bor\\\\Iskol...')
#6 D:\\Gábor\\Iskola\\12.Osztály\\Webprogramozás\\Laravel_gyorstalpalo\\vendor\\laravel\\framework\\src\\Illuminate\\Routing\\RouteRegistrar.php(199): Illuminate\\Routing\\Router->group(Array, 'D:\\\\G\\xC3\\xA1bor\\\\Iskol...')
#7 D:\\Gábor\\Iskola\\12.Osztály\\Webprogramozás\\Laravel_gyorstalpalo\\vendor\\laravel\\framework\\src\\Illuminate\\Foundation\\Configuration\\ApplicationBuilder.php(248): Illuminate\\Routing\\RouteRegistrar->group('D:\\\\G\\xC3\\xA1bor\\\\Iskol...')
#8 D:\\Gábor\\Iskola\\12.Osztály\\Webprogramozás\\Laravel_gyorstalpalo\\vendor\\laravel\\framework\\src\\Illuminate\\Container\\BoundMethod.php(36): Illuminate\\Foundation\\Configuration\\ApplicationBuilder->Illuminate\\Foundation\\Configuration\\{closure}()
#9 D:\\Gábor\\Iskola\\12.Osztály\\Webprogramozás\\Laravel_gyorstalpalo\\vendor\\laravel\\framework\\src\\Illuminate\\Container\\Util.php(43): Illuminate\\Container\\BoundMethod::Illuminate\\Container\\{closure}()
#10 D:\\Gábor\\Iskola\\12.Osztály\\Webprogramozás\\Laravel_gyorstalpalo\\vendor\\laravel\\framework\\src\\Illuminate\\Container\\BoundMethod.php(83): Illuminate\\Container\\Util::unwrapIfClosure(Object(Closure))
#11 D:\\Gábor\\Iskola\\12.Osztály\\Webprogramozás\\Laravel_gyorstalpalo\\vendor\\laravel\\framework\\src\\Illuminate\\Container\\BoundMethod.php(35): Illuminate\\Container\\BoundMethod::callBoundMethod(Object(Illuminate\\Foundation\\Application), Object(Closure), Object(Closure))
#12 D:\\Gábor\\Iskola\\12.Osztály\\Webprogramozás\\Laravel_gyorstalpalo\\vendor\\laravel\\framework\\src\\Illuminate\\Container\\Container.php(694): Illuminate\\Container\\BoundMethod::call(Object(Illuminate\\Foundation\\Application), Object(Closure), Array, NULL)
#13 D:\\Gábor\\Iskola\\12.Osztály\\Webprogramozás\\Laravel_gyorstalpalo\\vendor\\laravel\\framework\\src\\Illuminate\\Foundation\\Support\\Providers\\RouteServiceProvider.php(162): Illuminate\\Container\\Container->call(Object(Closure))
#14 D:\\Gábor\\Iskola\\12.Osztály\\Webprogramozás\\Laravel_gyorstalpalo\\vendor\\laravel\\framework\\src\\Illuminate\\Foundation\\Support\\Providers\\RouteServiceProvider.php(59): Illuminate\\Foundation\\Support\\Providers\\RouteServiceProvider->loadRoutes()
#15 D:\\Gábor\\Iskola\\12.Osztály\\Webprogramozás\\Laravel_gyorstalpalo\\vendor\\laravel\\framework\\src\\Illuminate\\Container\\BoundMethod.php(36): Illuminate\\Foundation\\Support\\Providers\\RouteServiceProvider->Illuminate\\Foundation\\Support\\Providers\\{closure}()
#16 D:\\Gábor\\Iskola\\12.Osztály\\Webprogramozás\\Laravel_gyorstalpalo\\vendor\\laravel\\framework\\src\\Illuminate\\Container\\Util.php(43): Illuminate\\Container\\BoundMethod::Illuminate\\Container\\{closure}()
#17 D:\\Gábor\\Iskola\\12.Osztály\\Webprogramozás\\Laravel_gyorstalpalo\\vendor\\laravel\\framework\\src\\Illuminate\\Container\\BoundMethod.php(83): Illuminate\\Container\\Util::unwrapIfClosure(Object(Closure))
#18 D:\\Gábor\\Iskola\\12.Osztály\\Webprogramozás\\Laravel_gyorstalpalo\\vendor\\laravel\\framework\\src\\Illuminate\\Container\\BoundMethod.php(35): Illuminate\\Container\\BoundMethod::callBoundMethod(Object(Illuminate\\Foundation\\Application), Object(Closure), Object(Closure))
#19 D:\\Gábor\\Iskola\\12.Osztály\\Webprogramozás\\Laravel_gyorstalpalo\\vendor\\laravel\\framework\\src\\Illuminate\\Container\\Container.php(694): Illuminate\\Container\\BoundMethod::call(Object(Illuminate\\Foundation\\Application), Object(Closure), Array, NULL)
#20 D:\\Gábor\\Iskola\\12.Osztály\\Webprogramozás\\Laravel_gyorstalpalo\\vendor\\laravel\\framework\\src\\Illuminate\\Support\\ServiceProvider.php(144): Illuminate\\Container\\Container->call(Object(Closure))
#21 D:\\Gábor\\Iskola\\12.Osztály\\Webprogramozás\\Laravel_gyorstalpalo\\vendor\\laravel\\framework\\src\\Illuminate\\Foundation\\Application.php(1124): Illuminate\\Support\\ServiceProvider->callBootedCallbacks()
#22 D:\\Gábor\\Iskola\\12.Osztály\\Webprogramozás\\Laravel_gyorstalpalo\\vendor\\laravel\\framework\\src\\Illuminate\\Foundation\\Application.php(1102): Illuminate\\Foundation\\Application->bootProvider(Object(Illuminate\\Foundation\\Support\\Providers\\RouteServiceProvider))
#23 [internal function]: Illuminate\\Foundation\\Application->Illuminate\\Foundation\\{closure}(Object(Illuminate\\Foundation\\Support\\Providers\\RouteServiceProvider), 'Illuminate\\\\Foun...')
#24 D:\\Gábor\\Iskola\\12.Osztály\\Webprogramozás\\Laravel_gyorstalpalo\\vendor\\laravel\\framework\\src\\Illuminate\\Foundation\\Application.php(1101): array_walk(Array, Object(Closure))
#25 D:\\Gábor\\Iskola\\12.Osztály\\Webprogramozás\\Laravel_gyorstalpalo\\vendor\\laravel\\framework\\src\\Illuminate\\Foundation\\Bootstrap\\BootProviders.php(17): Illuminate\\Foundation\\Application->boot()
#26 D:\\Gábor\\Iskola\\12.Osztály\\Webprogramozás\\Laravel_gyorstalpalo\\vendor\\laravel\\framework\\src\\Illuminate\\Foundation\\Application.php(316): Illuminate\\Foundation\\Bootstrap\\BootProviders->bootstrap(Object(Illuminate\\Foundation\\Application))
#27 D:\\Gábor\\Iskola\\12.Osztály\\Webprogramozás\\Laravel_gyorstalpalo\\vendor\\laravel\\framework\\src\\Illuminate\\Foundation\\Console\\Kernel.php(474): Illuminate\\Foundation\\Application->bootstrapWith(Array)
#28 D:\\Gábor\\Iskola\\12.Osztály\\Webprogramozás\\Laravel_gyorstalpalo\\vendor\\laravel\\framework\\src\\Illuminate\\Foundation\\Console\\Kernel.php(196): Illuminate\\Foundation\\Console\\Kernel->bootstrap()
#29 D:\\Gábor\\Iskola\\12.Osztály\\Webprogramozás\\Laravel_gyorstalpalo\\vendor\\laravel\\framework\\src\\Illuminate\\Foundation\\Application.php(1205): Illuminate\\Foundation\\Console\\Kernel->handle(Object(Symfony\\Component\\Console\\Input\\ArgvInput), Object(Symfony\\Component\\Console\\Output\\ConsoleOutput))
#30 D:\\Gábor\\Iskola\\12.Osztály\\Webprogramozás\\Laravel_gyorstalpalo\\artisan(13): Illuminate\\Foundation\\Application->handleCommand(Object(Symfony\\Component\\Console\\Input\\ArgvInput))
#31 {main}
"} 
[2025-01-13 12:35:24] local.ERROR: Vite manifest not found at: D:\Gábor\Iskola\12.Osztály\Webprogramozás\Laravel_gyorstalpalo\public\build/manifest.json (View: D:\Gábor\Iskola\12.Osztály\Webprogramozás\Laravel_gyorstalpalo\resources\views\layouts\guest.blade.php) (View: D:\Gábor\Iskola\12.Osztály\Webprogramozás\Laravel_gyorstalpalo\resources\views\layouts\guest.blade.php) {"exception":"[object] (Illuminate\\View\\ViewException(code: 0): Vite manifest not found at: D:\\Gábor\\Iskola\\12.Osztály\\Webprogramozás\\Laravel_gyorstalpalo\\public\\build/manifest.json (View: D:\\Gábor\\Iskola\\12.Osztály\\Webprogramozás\\Laravel_gyorstalpalo\\resources\\views\\layouts\\guest.blade.php) (View: D:\\Gábor\\Iskola\\12.Osztály\\Webprogramozás\\Laravel_gyorstalpalo\\resources\\views\\layouts\\guest.blade.php) at D:\\Gábor\\Iskola\\12.Osztály\\Webprogramozás\\Laravel_gyorstalpalo\\vendor\\laravel\\framework\\src\\Illuminate\\Foundation\\Vite.php:934)
[stacktrace]
#0 D:\\Gábor\\Iskola\\12.Osztály\\Webprogramozás\\Laravel_gyorstalpalo\\vendor\\laravel\\framework\\src\\Illuminate\\View\\Engines\\PhpEngine.php(60): Illuminate\\View\\Engines\\CompilerEngine->handleViewException(Object(Illuminate\\View\\ViewException), 1)
#1 D:\\Gábor\\Iskola\\12.Osztály\\Webprogramozás\\Laravel_gyorstalpalo\\vendor\\laravel\\framework\\src\\Illuminate\\View\\Engines\\CompilerEngine.php(75): Illuminate\\View\\Engines\\PhpEngine->evaluatePath('D:\\\\G\\xC3\\xA1bor\\\\Iskol...', Array)
#2 D:\\Gábor\\Iskola\\12.Osztály\\Webprogramozás\\Laravel_gyorstalpalo\\vendor\\laravel\\framework\\src\\Illuminate\\View\\View.php(209): Illuminate\\View\\Engines\\CompilerEngine->get('D:\\\\G\\xC3\\xA1bor\\\\Iskol...', Array)
#3 D:\\Gábor\\Iskola\\12.Osztály\\Webprogramozás\\Laravel_gyorstalpalo\\vendor\\laravel\\framework\\src\\Illuminate\\View\\View.php(192): Illuminate\\View\\View->getContents()
#4 D:\\Gábor\\Iskola\\12.Osztály\\Webprogramozás\\Laravel_gyorstalpalo\\vendor\\laravel\\framework\\src\\Illuminate\\View\\View.php(161): Illuminate\\View\\View->renderContents()
#5 D:\\Gábor\\Iskola\\12.Osztály\\Webprogramozás\\Laravel_gyorstalpalo\\vendor\\laravel\\framework\\src\\Illuminate\\Http\\Response.php(79): Illuminate\\View\\View->render()
#6 D:\\Gábor\\Iskola\\12.Osztály\\Webprogramozás\\Laravel_gyorstalpalo\\vendor\\laravel\\framework\\src\\Illuminate\\Http\\Response.php(35): Illuminate\\Http\\Response->setContent(Object(Illuminate\\View\\View))
#7 D:\\Gábor\\Iskola\\12.Osztály\\Webprogramozás\\Laravel_gyorstalpalo\\vendor\\laravel\\framework\\src\\Illuminate\\Routing\\Router.php(920): Illuminate\\Http\\Response->__construct(Object(Illuminate\\View\\View), 200, Array)
#8 D:\\Gábor\\Iskola\\12.Osztály\\Webprogramozás\\Laravel_gyorstalpalo\\vendor\\laravel\\framework\\src\\Illuminate\\Routing\\Router.php(887): Illuminate\\Routing\\Router::toResponse(Object(Illuminate\\Http\\Request), Object(Illuminate\\View\\View))
#9 D:\\Gábor\\Iskola\\12.Osztály\\Webprogramozás\\Laravel_gyorstalpalo\\vendor\\laravel\\framework\\src\\Illuminate\\Routing\\Router.php(807): Illuminate\\Routing\\Router->prepareResponse(Object(Illuminate\\Http\\Request), Object(Illuminate\\View\\View))
#10 D:\\Gábor\\Iskola\\12.Osztály\\Webprogramozás\\Laravel_gyorstalpalo\\vendor\\laravel\\framework\\src\\Illuminate\\Pipeline\\Pipeline.php(144): Illuminate\\Routing\\Router->Illuminate\\Routing\\{closure}(Object(Illuminate\\Http\\Request))
#11 D:\\Gábor\\Iskola\\12.Osztály\\Webprogramozás\\Laravel_gyorstalpalo\\vendor\\laravel\\framework\\src\\Illuminate\\Auth\\Middleware\\RedirectIfAuthenticated.php(35): Illuminate\\Pipeline\\Pipeline->Illuminate\\Pipeline\\{closure}(Object(Illuminate\\Http\\Request))
#12 D:\\Gábor\\Iskola\\12.Osztály\\Webprogramozás\\Laravel_gyorstalpalo\\vendor\\laravel\\framework\\src\\Illuminate\\Pipeline\\Pipeline.php(183): Illuminate\\Auth\\Middleware\\RedirectIfAuthenticated->handle(Object(Illuminate\\Http\\Request), Object(Closure))
#13 D:\\Gábor\\Iskola\\12.Osztály\\Webprogramozás\\Laravel_gyorstalpalo\\vendor\\laravel\\framework\\src\\Illuminate\\Routing\\Middleware\\SubstituteBindings.php(51): Illuminate\\Pipeline\\Pipeline->Illuminate\\Pipeline\\{closure}(Object(Illuminate\\Http\\Request))
#14 D:\\Gábor\\Iskola\\12.Osztály\\Webprogramozás\\Laravel_gyorstalpalo\\vendor\\laravel\\framework\\src\\Illuminate\\Pipeline\\Pipeline.php(183): Illuminate\\Routing\\Middleware\\SubstituteBindings->handle(Object(Illuminate\\Http\\Request), Object(Closure))
#15 D:\\Gábor\\Iskola\\12.Osztály\\Webprogramozás\\Laravel_gyorstalpalo\\vendor\\laravel\\framework\\src\\Illuminate\\Foundation\\Http\\Middleware\\VerifyCsrfToken.php(88): Illuminate\\Pipeline\\Pipeline->Illuminate\\Pipeline\\{closure}(Object(Illuminate\\Http\\Request))
#16 D:\\Gábor\\Iskola\\12.Osztály\\Webprogramozás\\Laravel_gyorstalpalo\\vendor\\laravel\\framework\\src\\Illuminate\\Pipeline\\Pipeline.php(183): Illuminate\\Foundation\\Http\\Middleware\\VerifyCsrfToken->handle(Object(Illuminate\\Http\\Request), Object(Closure))
#17 D:\\Gábor\\Iskola\\12.Osztály\\Webprogramozás\\Laravel_gyorstalpalo\\vendor\\laravel\\framework\\src\\Illuminate\\View\\Middleware\\ShareErrorsFromSession.php(49): Illuminate\\Pipeline\\Pipeline->Illuminate\\Pipeline\\{closure}(Object(Illuminate\\Http\\Request))
#18 D:\\Gábor\\Iskola\\12.Osztály\\Webprogramozás\\Laravel_gyorstalpalo\\vendor\\laravel\\framework\\src\\Illuminate\\Pipeline\\Pipeline.php(183): Illuminate\\View\\Middleware\\ShareErrorsFromSession->handle(Object(Illuminate\\Http\\Request), Object(Closure))
#19 D:\\Gábor\\Iskola\\12.Osztály\\Webprogramozás\\Laravel_gyorstalpalo\\vendor\\laravel\\framework\\src\\Illuminate\\Session\\Middleware\\StartSession.php(121): Illuminate\\Pipeline\\Pipeline->Illuminate\\Pipeline\\{closure}(Object(Illuminate\\Http\\Request))
#20 D:\\Gábor\\Iskola\\12.Osztály\\Webprogramozás\\Laravel_gyorstalpalo\\vendor\\laravel\\framework\\src\\Illuminate\\Session\\Middleware\\StartSession.php(64): Illuminate\\Session\\Middleware\\StartSession->handleStatefulRequest(Object(Illuminate\\Http\\Request), Object(Illuminate\\Session\\Store), Object(Closure))
#21 D:\\Gábor\\Iskola\\12.Osztály\\Webprogramozás\\Laravel_gyorstalpalo\\vendor\\laravel\\framework\\src\\Illuminate\\Pipeline\\Pipeline.php(183): Illuminate\\Session\\Middleware\\StartSession->handle(Object(Illuminate\\Http\\Request), Object(Closure))
#22 D:\\Gábor\\Iskola\\12.Osztály\\Webprogramozás\\Laravel_gyorstalpalo\\vendor\\laravel\\framework\\src\\Illuminate\\Cookie\\Middleware\\AddQueuedCookiesToResponse.php(37): Illuminate\\Pipeline\\Pipeline->Illuminate\\Pipeline\\{closure}(Object(Illuminate\\Http\\Request))
#23 D:\\Gábor\\Iskola\\12.Osztály\\Webprogramozás\\Laravel_gyorstalpalo\\vendor\\laravel\\framework\\src\\Illuminate\\Pipeline\\Pipeline.php(183): Illuminate\\Cookie\\Middleware\\AddQueuedCookiesToResponse->handle(Object(Illuminate\\Http\\Request), Object(Closure))
#24 D:\\Gábor\\Iskola\\12.Osztály\\Webprogramozás\\Laravel_gyorstalpalo\\vendor\\laravel\\framework\\src\\Illuminate\\Cookie\\Middleware\\EncryptCookies.php(75): Illuminate\\Pipeline\\Pipeline->Illuminate\\Pipeline\\{closure}(Object(Illuminate\\Http\\Request))
#25 D:\\Gábor\\Iskola\\12.Osztály\\Webprogramozás\\Laravel_gyorstalpalo\\vendor\\laravel\\framework\\src\\Illuminate\\Pipeline\\Pipeline.php(183): Illuminate\\Cookie\\Middleware\\EncryptCookies->handle(Object(Illuminate\\Http\\Request), Object(Closure))
#26 D:\\Gábor\\Iskola\\12.Osztály\\Webprogramozás\\Laravel_gyorstalpalo\\vendor\\laravel\\framework\\src\\Illuminate\\Pipeline\\Pipeline.php(119): Illuminate\\Pipeline\\Pipeline->Illuminate\\Pipeline\\{closure}(Object(Illuminate\\Http\\Request))
#27 D:\\Gábor\\Iskola\\12.Osztály\\Webprogramozás\\Laravel_gyorstalpalo\\vendor\\laravel\\framework\\src\\Illuminate\\Routing\\Router.php(807): Illuminate\\Pipeline\\Pipeline->then(Object(Closure))
#28 D:\\Gábor\\Iskola\\12.Osztály\\Webprogramozás\\Laravel_gyorstalpalo\\vendor\\laravel\\framework\\src\\Illuminate\\Routing\\Router.php(786): Illuminate\\Routing\\Router->runRouteWithinStack(Object(Illuminate\\Routing\\Route), Object(Illuminate\\Http\\Request))
#29 D:\\Gábor\\Iskola\\12.Osztály\\Webprogramozás\\Laravel_gyorstalpalo\\vendor\\laravel\\framework\\src\\Illuminate\\Routing\\Router.php(750): Illuminate\\Routing\\Router->runRoute(Object(Illuminate\\Http\\Request), Object(Illuminate\\Routing\\Route))
#30 D:\\Gábor\\Iskola\\12.Osztály\\Webprogramozás\\Laravel_gyorstalpalo\\vendor\\laravel\\framework\\src\\Illuminate\\Routing\\Router.php(739): Illuminate\\Routing\\Router->dispatchToRoute(Object(Illuminate\\Http\\Request))
#31 D:\\Gábor\\Iskola\\12.Osztály\\Webprogramozás\\Laravel_gyorstalpalo\\vendor\\laravel\\framework\\src\\Illuminate\\Foundation\\Http\\Kernel.php(201): Illuminate\\Routing\\Router->dispatch(Object(Illuminate\\Http\\Request))
#32 D:\\Gábor\\Iskola\\12.Osztály\\Webprogramozás\\Laravel_gyorstalpalo\\vendor\\laravel\\framework\\src\\Illuminate\\Pipeline\\Pipeline.php(144): Illuminate\\Foundation\\Http\\Kernel->Illuminate\\Foundation\\Http\\{closure}(Object(Illuminate\\Http\\Request))
#33 D:\\Gábor\\Iskola\\12.Osztály\\Webprogramozás\\Laravel_gyorstalpalo\\vendor\\laravel\\framework\\src\\Illuminate\\Foundation\\Http\\Middleware\\TransformsRequest.php(21): Illuminate\\Pipeline\\Pipeline->Illuminate\\Pipeline\\{closure}(Object(Illuminate\\Http\\Request))
#34 D:\\Gábor\\Iskola\\12.Osztály\\Webprogramozás\\Laravel_gyorstalpalo\\vendor\\laravel\\framework\\src\\Illuminate\\Foundation\\Http\\Middleware\\ConvertEmptyStringsToNull.php(31): Illuminate\\Foundation\\Http\\Middleware\\TransformsRequest->handle(Object(Illuminate\\Http\\Request), Object(Closure))
#35 D:\\Gábor\\Iskola\\12.Osztály\\Webprogramozás\\Laravel_gyorstalpalo\\vendor\\laravel\\framework\\src\\Illuminate\\Pipeline\\Pipeline.php(183): Illuminate\\Foundation\\Http\\Middleware\\ConvertEmptyStringsToNull->handle(Object(Illuminate\\Http\\Request), Object(Closure))
#36 D:\\Gábor\\Iskola\\12.Osztály\\Webprogramozás\\Laravel_gyorstalpalo\\vendor\\laravel\\framework\\src\\Illuminate\\Foundation\\Http\\Middleware\\TransformsRequest.php(21): Illuminate\\Pipeline\\Pipeline->Illuminate\\Pipeline\\{closure}(Object(Illuminate\\Http\\Request))
#37 D:\\Gábor\\Iskola\\12.Osztály\\Webprogramozás\\Laravel_gyorstalpalo\\vendor\\laravel\\framework\\src\\Illuminate\\Foundation\\Http\\Middleware\\TrimStrings.php(51): Illuminate\\Foundation\\Http\\Middleware\\TransformsRequest->handle(Object(Illuminate\\Http\\Request), Object(Closure))
#38 D:\\Gábor\\Iskola\\12.Osztály\\Webprogramozás\\Laravel_gyorstalpalo\\vendor\\laravel\\framework\\src\\Illuminate\\Pipeline\\Pipeline.php(183): Illuminate\\Foundation\\Http\\Middleware\\TrimStrings->handle(Object(Illuminate\\Http\\Request), Object(Closure))
#39 D:\\Gábor\\Iskola\\12.Osztály\\Webprogramozás\\Laravel_gyorstalpalo\\vendor\\laravel\\framework\\src\\Illuminate\\Http\\Middleware\\ValidatePostSize.php(27): Illuminate\\Pipeline\\Pipeline->Illuminate\\Pipeline\\{closure}(Object(Illuminate\\Http\\Request))
#40 D:\\Gábor\\Iskola\\12.Osztály\\Webprogramozás\\Laravel_gyorstalpalo\\vendor\\laravel\\framework\\src\\Illuminate\\Pipeline\\Pipeline.php(183): Illuminate\\Http\\Middleware\\ValidatePostSize->handle(Object(Illuminate\\Http\\Request), Object(Closure))
#41 D:\\Gábor\\Iskola\\12.Osztály\\Webprogramozás\\Laravel_gyorstalpalo\\vendor\\laravel\\framework\\src\\Illuminate\\Foundation\\Http\\Middleware\\PreventRequestsDuringMaintenance.php(110): Illuminate\\Pipeline\\Pipeline->Illuminate\\Pipeline\\{closure}(Object(Illuminate\\Http\\Request))
#42 D:\\Gábor\\Iskola\\12.Osztály\\Webprogramozás\\Laravel_gyorstalpalo\\vendor\\laravel\\framework\\src\\Illuminate\\Pipeline\\Pipeline.php(183): Illuminate\\Foundation\\Http\\Middleware\\PreventRequestsDuringMaintenance->handle(Object(Illuminate\\Http\\Request), Object(Closure))
#43 D:\\Gábor\\Iskola\\12.Osztály\\Webprogramozás\\Laravel_gyorstalpalo\\vendor\\laravel\\framework\\src\\Illuminate\\Http\\Middleware\\HandleCors.php(49): Illuminate\\Pipeline\\Pipeline->Illuminate\\Pipeline\\{closure}(Object(Illuminate\\Http\\Request))
#44 D:\\Gábor\\Iskola\\12.Osztály\\Webprogramozás\\Laravel_gyorstalpalo\\vendor\\laravel\\framework\\src\\Illuminate\\Pipeline\\Pipeline.php(183): Illuminate\\Http\\Middleware\\HandleCors->handle(Object(Illuminate\\Http\\Request), Object(Closure))
#45 D:\\Gábor\\Iskola\\12.Osztály\\Webprogramozás\\Laravel_gyorstalpalo\\vendor\\laravel\\framework\\src\\Illuminate\\Http\\Middleware\\TrustProxies.php(58): Illuminate\\Pipeline\\Pipeline->Illuminate\\Pipeline\\{closure}(Object(Illuminate\\Http\\Request))
#46 D:\\Gábor\\Iskola\\12.Osztály\\Webprogramozás\\Laravel_gyorstalpalo\\vendor\\laravel\\framework\\src\\Illuminate\\Pipeline\\Pipeline.php(183): Illuminate\\Http\\Middleware\\TrustProxies->handle(Object(Illuminate\\Http\\Request), Object(Closure))
#47 D:\\Gábor\\Iskola\\12.Osztály\\Webprogramozás\\Laravel_gyorstalpalo\\vendor\\laravel\\framework\\src\\Illuminate\\Foundation\\Http\\Middleware\\InvokeDeferredCallbacks.php(22): Illuminate\\Pipeline\\Pipeline->Illuminate\\Pipeline\\{closure}(Object(Illuminate\\Http\\Request))
#48 D:\\Gábor\\Iskola\\12.Osztály\\Webprogramozás\\Laravel_gyorstalpalo\\vendor\\laravel\\framework\\src\\Illuminate\\Pipeline\\Pipeline.php(183): Illuminate\\Foundation\\Http\\Middleware\\InvokeDeferredCallbacks->handle(Object(Illuminate\\Http\\Request), Object(Closure))
#49 D:\\Gábor\\Iskola\\12.Osztály\\Webprogramozás\\Laravel_gyorstalpalo\\vendor\\laravel\\framework\\src\\Illuminate\\Pipeline\\Pipeline.php(119): Illuminate\\Pipeline\\Pipeline->Illuminate\\Pipeline\\{closure}(Object(Illuminate\\Http\\Request))
#50 D:\\Gábor\\Iskola\\12.Osztály\\Webprogramozás\\Laravel_gyorstalpalo\\vendor\\laravel\\framework\\src\\Illuminate\\Foundation\\Http\\Kernel.php(176): Illuminate\\Pipeline\\Pipeline->then(Object(Closure))
#51 D:\\Gábor\\Iskola\\12.Osztály\\Webprogramozás\\Laravel_gyorstalpalo\\vendor\\laravel\\framework\\src\\Illuminate\\Foundation\\Http\\Kernel.php(145): Illuminate\\Foundation\\Http\\Kernel->sendRequestThroughRouter(Object(Illuminate\\Http\\Request))
#52 D:\\Gábor\\Iskola\\12.Osztály\\Webprogramozás\\Laravel_gyorstalpalo\\vendor\\laravel\\framework\\src\\Illuminate\\Foundation\\Application.php(1190): Illuminate\\Foundation\\Http\\Kernel->handle(Object(Illuminate\\Http\\Request))
#53 D:\\Gábor\\Iskola\\12.Osztály\\Webprogramozás\\Laravel_gyorstalpalo\\public\\index.php(17): Illuminate\\Foundation\\Application->handleRequest(Object(Illuminate\\Http\\Request))
#54 D:\\Gábor\\Iskola\\12.Osztály\\Webprogramozás\\Laravel_gyorstalpalo\\vendor\\laravel\\framework\\src\\Illuminate\\Foundation\\resources\\server.php(23): require_once('D:\\\\G\\xC3\\xA1bor\\\\Iskol...')
#55 {main}

[previous exception] [object] (Illuminate\\View\\ViewException(code: 0): Vite manifest not found at: D:\\Gábor\\Iskola\\12.Osztály\\Webprogramozás\\Laravel_gyorstalpalo\\public\\build/manifest.json (View: D:\\Gábor\\Iskola\\12.Osztály\\Webprogramozás\\Laravel_gyorstalpalo\\resources\\views\\layouts\\guest.blade.php) at D:\\Gábor\\Iskola\\12.Osztály\\Webprogramozás\\Laravel_gyorstalpalo\\vendor\\laravel\\framework\\src\\Illuminate\\Foundation\\Vite.php:934)
[stacktrace]
#0 D:\\Gábor\\Iskola\\12.Osztály\\Webprogramozás\\Laravel_gyorstalpalo\\vendor\\laravel\\framework\\src\\Illuminate\\View\\Engines\\PhpEngine.php(60): Illuminate\\View\\Engines\\CompilerEngine->handleViewException(Object(Illuminate\\Foundation\\ViteManifestNotFoundException), 2)
#1 D:\\Gábor\\Iskola\\12.Osztály\\Webprogramozás\\Laravel_gyorstalpalo\\vendor\\laravel\\framework\\src\\Illuminate\\View\\Engines\\CompilerEngine.php(75): Illuminate\\View\\Engines\\PhpEngine->evaluatePath('D:\\\\G\\xC3\\xA1bor\\\\Iskol...', Array)
#2 D:\\Gábor\\Iskola\\12.Osztály\\Webprogramozás\\Laravel_gyorstalpalo\\vendor\\laravel\\framework\\src\\Illuminate\\View\\View.php(209): Illuminate\\View\\Engines\\CompilerEngine->get('D:\\\\G\\xC3\\xA1bor\\\\Iskol...', Array)
#3 D:\\Gábor\\Iskola\\12.Osztály\\Webprogramozás\\Laravel_gyorstalpalo\\vendor\\laravel\\framework\\src\\Illuminate\\View\\View.php(192): Illuminate\\View\\View->getContents()
#4 D:\\Gábor\\Iskola\\12.Osztály\\Webprogramozás\\Laravel_gyorstalpalo\\vendor\\laravel\\framework\\src\\Illuminate\\View\\View.php(161): Illuminate\\View\\View->renderContents()
#5 D:\\Gábor\\Iskola\\12.Osztály\\Webprogramozás\\Laravel_gyorstalpalo\\vendor\\laravel\\framework\\src\\Illuminate\\View\\Concerns\\ManagesComponents.php(99): Illuminate\\View\\View->render()
#6 D:\\Gábor\\Iskola\\12.Osztály\\Webprogramozás\\Laravel_gyorstalpalo\\storage\\framework\\views\\a86df09977cf81ed14d506d6254c5f99.php(206): Illuminate\\View\\Factory->renderComponent()
#7 D:\\Gábor\\Iskola\\12.Osztály\\Webprogramozás\\Laravel_gyorstalpalo\\vendor\\laravel\\framework\\src\\Illuminate\\Filesystem\\Filesystem.php(123): require('D:\\\\G\\xC3\\xA1bor\\\\Iskol...')
#8 D:\\Gábor\\Iskola\\12.Osztály\\Webprogramozás\\Laravel_gyorstalpalo\\vendor\\laravel\\framework\\src\\Illuminate\\Filesystem\\Filesystem.php(124): Illuminate\\Filesystem\\Filesystem::Illuminate\\Filesystem\\{closure}()
#9 D:\\Gábor\\Iskola\\12.Osztály\\Webprogramozás\\Laravel_gyorstalpalo\\vendor\\laravel\\framework\\src\\Illuminate\\View\\Engines\\PhpEngine.php(58): Illuminate\\Filesystem\\Filesystem->getRequire('D:\\\\G\\xC3\\xA1bor\\\\Iskol...', Array)
#10 D:\\Gábor\\Iskola\\12.Osztály\\Webprogramozás\\Laravel_gyorstalpalo\\vendor\\laravel\\framework\\src\\Illuminate\\View\\Engines\\CompilerEngine.php(75): Illuminate\\View\\Engines\\PhpEngine->evaluatePath('D:\\\\G\\xC3\\xA1bor\\\\Iskol...', Array)
#11 D:\\Gábor\\Iskola\\12.Osztály\\Webprogramozás\\Laravel_gyorstalpalo\\vendor\\laravel\\framework\\src\\Illuminate\\View\\View.php(209): Illuminate\\View\\Engines\\CompilerEngine->get('D:\\\\G\\xC3\\xA1bor\\\\Iskol...', Array)
#12 D:\\Gábor\\Iskola\\12.Osztály\\Webprogramozás\\Laravel_gyorstalpalo\\vendor\\laravel\\framework\\src\\Illuminate\\View\\View.php(192): Illuminate\\View\\View->getContents()
#13 D:\\Gábor\\Iskola\\12.Osztály\\Webprogramozás\\Laravel_gyorstalpalo\\vendor\\laravel\\framework\\src\\Illuminate\\View\\View.php(161): Illuminate\\View\\View->renderContents()
#14 D:\\Gábor\\Iskola\\12.Osztály\\Webprogramozás\\Laravel_gyorstalpalo\\vendor\\laravel\\framework\\src\\Illuminate\\Http\\Response.php(79): Illuminate\\View\\View->render()
#15 D:\\Gábor\\Iskola\\12.Osztály\\Webprogramozás\\Laravel_gyorstalpalo\\vendor\\laravel\\framework\\src\\Illuminate\\Http\\Response.php(35): Illuminate\\Http\\Response->setContent(Object(Illuminate\\View\\View))
#16 D:\\Gábor\\Iskola\\12.Osztály\\Webprogramozás\\Laravel_gyorstalpalo\\vendor\\laravel\\framework\\src\\Illuminate\\Routing\\Router.php(920): Illuminate\\Http\\Response->__construct(Object(Illuminate\\View\\View), 200, Array)
#17 D:\\Gábor\\Iskola\\12.Osztály\\Webprogramozás\\Laravel_gyorstalpalo\\vendor\\laravel\\framework\\src\\Illuminate\\Routing\\Router.php(887): Illuminate\\Routing\\Router::toResponse(Object(Illuminate\\Http\\Request), Object(Illuminate\\View\\View))
#18 D:\\Gábor\\Iskola\\12.Osztály\\Webprogramozás\\Laravel_gyorstalpalo\\vendor\\laravel\\framework\\src\\Illuminate\\Routing\\Router.php(807): Illuminate\\Routing\\Router->prepareResponse(Object(Illuminate\\Http\\Request), Object(Illuminate\\View\\View))
#19 D:\\Gábor\\Iskola\\12.Osztály\\Webprogramozás\\Laravel_gyorstalpalo\\vendor\\laravel\\framework\\src\\Illuminate\\Pipeline\\Pipeline.php(144): Illuminate\\Routing\\Router->Illuminate\\Routing\\{closure}(Object(Illuminate\\Http\\Request))
#20 D:\\Gábor\\Iskola\\12.Osztály\\Webprogramozás\\Laravel_gyorstalpalo\\vendor\\laravel\\framework\\src\\Illuminate\\Auth\\Middleware\\RedirectIfAuthenticated.php(35): Illuminate\\Pipeline\\Pipeline->Illuminate\\Pipeline\\{closure}(Object(Illuminate\\Http\\Request))
#21 D:\\Gábor\\Iskola\\12.Osztály\\Webprogramozás\\Laravel_gyorstalpalo\\vendor\\laravel\\framework\\src\\Illuminate\\Pipeline\\Pipeline.php(183): Illuminate\\Auth\\Middleware\\RedirectIfAuthenticated->handle(Object(Illuminate\\Http\\Request), Object(Closure))
#22 D:\\Gábor\\Iskola\\12.Osztály\\Webprogramozás\\Laravel_gyorstalpalo\\vendor\\laravel\\framework\\src\\Illuminate\\Routing\\Middleware\\SubstituteBindings.php(51): Illuminate\\Pipeline\\Pipeline->Illuminate\\Pipeline\\{closure}(Object(Illuminate\\Http\\Request))
#23 D:\\Gábor\\Iskola\\12.Osztály\\Webprogramozás\\Laravel_gyorstalpalo\\vendor\\laravel\\framework\\src\\Illuminate\\Pipeline\\Pipeline.php(183): Illuminate\\Routing\\Middleware\\SubstituteBindings->handle(Object(Illuminate\\Http\\Request), Object(Closure))
#24 D:\\Gábor\\Iskola\\12.Osztály\\Webprogramozás\\Laravel_gyorstalpalo\\vendor\\laravel\\framework\\src\\Illuminate\\Foundation\\Http\\Middleware\\VerifyCsrfToken.php(88): Illuminate\\Pipeline\\Pipeline->Illuminate\\Pipeline\\{closure}(Object(Illuminate\\Http\\Request))
#25 D:\\Gábor\\Iskola\\12.Osztály\\Webprogramozás\\Laravel_gyorstalpalo\\vendor\\laravel\\framework\\src\\Illuminate\\Pipeline\\Pipeline.php(183): Illuminate\\Foundation\\Http\\Middleware\\VerifyCsrfToken->handle(Object(Illuminate\\Http\\Request), Object(Closure))
#26 D:\\Gábor\\Iskola\\12.Osztály\\Webprogramozás\\Laravel_gyorstalpalo\\vendor\\laravel\\framework\\src\\Illuminate\\View\\Middleware\\ShareErrorsFromSession.php(49): Illuminate\\Pipeline\\Pipeline->Illuminate\\Pipeline\\{closure}(Object(Illuminate\\Http\\Request))
#27 D:\\Gábor\\Iskola\\12.Osztály\\Webprogramozás\\Laravel_gyorstalpalo\\vendor\\laravel\\framework\\src\\Illuminate\\Pipeline\\Pipeline.php(183): Illuminate\\View\\Middleware\\ShareErrorsFromSession->handle(Object(Illuminate\\Http\\Request), Object(Closure))
#28 D:\\Gábor\\Iskola\\12.Osztály\\Webprogramozás\\Laravel_gyorstalpalo\\vendor\\laravel\\framework\\src\\Illuminate\\Session\\Middleware\\StartSession.php(121): Illuminate\\Pipeline\\Pipeline->Illuminate\\Pipeline\\{closure}(Object(Illuminate\\Http\\Request))
#29 D:\\Gábor\\Iskola\\12.Osztály\\Webprogramozás\\Laravel_gyorstalpalo\\vendor\\laravel\\framework\\src\\Illuminate\\Session\\Middleware\\StartSession.php(64): Illuminate\\Session\\Middleware\\StartSession->handleStatefulRequest(Object(Illuminate\\Http\\Request), Object(Illuminate\\Session\\Store), Object(Closure))
#30 D:\\Gábor\\Iskola\\12.Osztály\\Webprogramozás\\Laravel_gyorstalpalo\\vendor\\laravel\\framework\\src\\Illuminate\\Pipeline\\Pipeline.php(183): Illuminate\\Session\\Middleware\\StartSession->handle(Object(Illuminate\\Http\\Request), Object(Closure))
#31 D:\\Gábor\\Iskola\\12.Osztály\\Webprogramozás\\Laravel_gyorstalpalo\\vendor\\laravel\\framework\\src\\Illuminate\\Cookie\\Middleware\\AddQueuedCookiesToResponse.php(37): Illuminate\\Pipeline\\Pipeline->Illuminate\\Pipeline\\{closure}(Object(Illuminate\\Http\\Request))
#32 D:\\Gábor\\Iskola\\12.Osztály\\Webprogramozás\\Laravel_gyorstalpalo\\vendor\\laravel\\framework\\src\\Illuminate\\Pipeline\\Pipeline.php(183): Illuminate\\Cookie\\Middleware\\AddQueuedCookiesToResponse->handle(Object(Illuminate\\Http\\Request), Object(Closure))
#33 D:\\Gábor\\Iskola\\12.Osztály\\Webprogramozás\\Laravel_gyorstalpalo\\vendor\\laravel\\framework\\src\\Illuminate\\Cookie\\Middleware\\EncryptCookies.php(75): Illuminate\\Pipeline\\Pipeline->Illuminate\\Pipeline\\{closure}(Object(Illuminate\\Http\\Request))
#34 D:\\Gábor\\Iskola\\12.Osztály\\Webprogramozás\\Laravel_gyorstalpalo\\vendor\\laravel\\framework\\src\\Illuminate\\Pipeline\\Pipeline.php(183): Illuminate\\Cookie\\Middleware\\EncryptCookies->handle(Object(Illuminate\\Http\\Request), Object(Closure))
#35 D:\\Gábor\\Iskola\\12.Osztály\\Webprogramozás\\Laravel_gyorstalpalo\\vendor\\laravel\\framework\\src\\Illuminate\\Pipeline\\Pipeline.php(119): Illuminate\\Pipeline\\Pipeline->Illuminate\\Pipeline\\{closure}(Object(Illuminate\\Http\\Request))
#36 D:\\Gábor\\Iskola\\12.Osztály\\Webprogramozás\\Laravel_gyorstalpalo\\vendor\\laravel\\framework\\src\\Illuminate\\Routing\\Router.php(807): Illuminate\\Pipeline\\Pipeline->then(Object(Closure))
#37 D:\\Gábor\\Iskola\\12.Osztály\\Webprogramozás\\Laravel_gyorstalpalo\\vendor\\laravel\\framework\\src\\Illuminate\\Routing\\Router.php(786): Illuminate\\Routing\\Router->runRouteWithinStack(Object(Illuminate\\Routing\\Route), Object(Illuminate\\Http\\Request))
#38 D:\\Gábor\\Iskola\\12.Osztály\\Webprogramozás\\Laravel_gyorstalpalo\\vendor\\laravel\\framework\\src\\Illuminate\\Routing\\Router.php(750): Illuminate\\Routing\\Router->runRoute(Object(Illuminate\\Http\\Request), Object(Illuminate\\Routing\\Route))
#39 D:\\Gábor\\Iskola\\12.Osztály\\Webprogramozás\\Laravel_gyorstalpalo\\vendor\\laravel\\framework\\src\\Illuminate\\Routing\\Router.php(739): Illuminate\\Routing\\Router->dispatchToRoute(Object(Illuminate\\Http\\Request))
#40 D:\\Gábor\\Iskola\\12.Osztály\\Webprogramozás\\Laravel_gyorstalpalo\\vendor\\laravel\\framework\\src\\Illuminate\\Foundation\\Http\\Kernel.php(201): Illuminate\\Routing\\Router->dispatch(Object(Illuminate\\Http\\Request))
#41 D:\\Gábor\\Iskola\\12.Osztály\\Webprogramozás\\Laravel_gyorstalpalo\\vendor\\laravel\\framework\\src\\Illuminate\\Pipeline\\Pipeline.php(144): Illuminate\\Foundation\\Http\\Kernel->Illuminate\\Foundation\\Http\\{closure}(Object(Illuminate\\Http\\Request))
#42 D:\\Gábor\\Iskola\\12.Osztály\\Webprogramozás\\Laravel_gyorstalpalo\\vendor\\laravel\\framework\\src\\Illuminate\\Foundation\\Http\\Middleware\\TransformsRequest.php(21): Illuminate\\Pipeline\\Pipeline->Illuminate\\Pipeline\\{closure}(Object(Illuminate\\Http\\Request))
#43 D:\\Gábor\\Iskola\\12.Osztály\\Webprogramozás\\Laravel_gyorstalpalo\\vendor\\laravel\\framework\\src\\Illuminate\\Foundation\\Http\\Middleware\\ConvertEmptyStringsToNull.php(31): Illuminate\\Foundation\\Http\\Middleware\\TransformsRequest->handle(Object(Illuminate\\Http\\Request), Object(Closure))
#44 D:\\Gábor\\Iskola\\12.Osztály\\Webprogramozás\\Laravel_gyorstalpalo\\vendor\\laravel\\framework\\src\\Illuminate\\Pipeline\\Pipeline.php(183): Illuminate\\Foundation\\Http\\Middleware\\ConvertEmptyStringsToNull->handle(Object(Illuminate\\Http\\Request), Object(Closure))
#45 D:\\Gábor\\Iskola\\12.Osztály\\Webprogramozás\\Laravel_gyorstalpalo\\vendor\\laravel\\framework\\src\\Illuminate\\Foundation\\Http\\Middleware\\TransformsRequest.php(21): Illuminate\\Pipeline\\Pipeline->Illuminate\\Pipeline\\{closure}(Object(Illuminate\\Http\\Request))
#46 D:\\Gábor\\Iskola\\12.Osztály\\Webprogramozás\\Laravel_gyorstalpalo\\vendor\\laravel\\framework\\src\\Illuminate\\Foundation\\Http\\Middleware\\TrimStrings.php(51): Illuminate\\Foundation\\Http\\Middleware\\TransformsRequest->handle(Object(Illuminate\\Http\\Request), Object(Closure))
#47 D:\\Gábor\\Iskola\\12.Osztály\\Webprogramozás\\Laravel_gyorstalpalo\\vendor\\laravel\\framework\\src\\Illuminate\\Pipeline\\Pipeline.php(183): Illuminate\\Foundation\\Http\\Middleware\\TrimStrings->handle(Object(Illuminate\\Http\\Request), Object(Closure))
#48 D:\\Gábor\\Iskola\\12.Osztály\\Webprogramozás\\Laravel_gyorstalpalo\\vendor\\laravel\\framework\\src\\Illuminate\\Http\\Middleware\\ValidatePostSize.php(27): Illuminate\\Pipeline\\Pipeline->Illuminate\\Pipeline\\{closure}(Object(Illuminate\\Http\\Request))
#49 D:\\Gábor\\Iskola\\12.Osztály\\Webprogramozás\\Laravel_gyorstalpalo\\vendor\\laravel\\framework\\src\\Illuminate\\Pipeline\\Pipeline.php(183): Illuminate\\Http\\Middleware\\ValidatePostSize->handle(Object(Illuminate\\Http\\Request), Object(Closure))
#50 D:\\Gábor\\Iskola\\12.Osztály\\Webprogramozás\\Laravel_gyorstalpalo\\vendor\\laravel\\framework\\src\\Illuminate\\Foundation\\Http\\Middleware\\PreventRequestsDuringMaintenance.php(110): Illuminate\\Pipeline\\Pipeline->Illuminate\\Pipeline\\{closure}(Object(Illuminate\\Http\\Request))
#51 D:\\Gábor\\Iskola\\12.Osztály\\Webprogramozás\\Laravel_gyorstalpalo\\vendor\\laravel\\framework\\src\\Illuminate\\Pipeline\\Pipeline.php(183): Illuminate\\Foundation\\Http\\Middleware\\PreventRequestsDuringMaintenance->handle(Object(Illuminate\\Http\\Request), Object(Closure))
#52 D:\\Gábor\\Iskola\\12.Osztály\\Webprogramozás\\Laravel_gyorstalpalo\\vendor\\laravel\\framework\\src\\Illuminate\\Http\\Middleware\\HandleCors.php(49): Illuminate\\Pipeline\\Pipeline->Illuminate\\Pipeline\\{closure}(Object(Illuminate\\Http\\Request))
#53 D:\\Gábor\\Iskola\\12.Osztály\\Webprogramozás\\Laravel_gyorstalpalo\\vendor\\laravel\\framework\\src\\Illuminate\\Pipeline\\Pipeline.php(183): Illuminate\\Http\\Middleware\\HandleCors->handle(Object(Illuminate\\Http\\Request), Object(Closure))
#54 D:\\Gábor\\Iskola\\12.Osztály\\Webprogramozás\\Laravel_gyorstalpalo\\vendor\\laravel\\framework\\src\\Illuminate\\Http\\Middleware\\TrustProxies.php(58): Illuminate\\Pipeline\\Pipeline->Illuminate\\Pipeline\\{closure}(Object(Illuminate\\Http\\Request))
#55 D:\\Gábor\\Iskola\\12.Osztály\\Webprogramozás\\Laravel_gyorstalpalo\\vendor\\laravel\\framework\\src\\Illuminate\\Pipeline\\Pipeline.php(183): Illuminate\\Http\\Middleware\\TrustProxies->handle(Object(Illuminate\\Http\\Request), Object(Closure))
#56 D:\\Gábor\\Iskola\\12.Osztály\\Webprogramozás\\Laravel_gyorstalpalo\\vendor\\laravel\\framework\\src\\Illuminate\\Foundation\\Http\\Middleware\\InvokeDeferredCallbacks.php(22): Illuminate\\Pipeline\\Pipeline->Illuminate\\Pipeline\\{closure}(Object(Illuminate\\Http\\Request))
#57 D:\\Gábor\\Iskola\\12.Osztály\\Webprogramozás\\Laravel_gyorstalpalo\\vendor\\laravel\\framework\\src\\Illuminate\\Pipeline\\Pipeline.php(183): Illuminate\\Foundation\\Http\\Middleware\\InvokeDeferredCallbacks->handle(Object(Illuminate\\Http\\Request), Object(Closure))
#58 D:\\Gábor\\Iskola\\12.Osztály\\Webprogramozás\\Laravel_gyorstalpalo\\vendor\\laravel\\framework\\src\\Illuminate\\Pipeline\\Pipeline.php(119): Illuminate\\Pipeline\\Pipeline->Illuminate\\Pipeline\\{closure}(Object(Illuminate\\Http\\Request))
#59 D:\\Gábor\\Iskola\\12.Osztály\\Webprogramozás\\Laravel_gyorstalpalo\\vendor\\laravel\\framework\\src\\Illuminate\\Foundation\\Http\\Kernel.php(176): Illuminate\\Pipeline\\Pipeline->then(Object(Closure))
#60 D:\\Gábor\\Iskola\\12.Osztály\\Webprogramozás\\Laravel_gyorstalpalo\\vendor\\laravel\\framework\\src\\Illuminate\\Foundation\\Http\\Kernel.php(145): Illuminate\\Foundation\\Http\\Kernel->sendRequestThroughRouter(Object(Illuminate\\Http\\Request))
#61 D:\\Gábor\\Iskola\\12.Osztály\\Webprogramozás\\Laravel_gyorstalpalo\\vendor\\laravel\\framework\\src\\Illuminate\\Foundation\\Application.php(1190): Illuminate\\Foundation\\Http\\Kernel->handle(Object(Illuminate\\Http\\Request))
#62 D:\\Gábor\\Iskola\\12.Osztály\\Webprogramozás\\Laravel_gyorstalpalo\\public\\index.php(17): Illuminate\\Foundation\\Application->handleRequest(Object(Illuminate\\Http\\Request))
#63 D:\\Gábor\\Iskola\\12.Osztály\\Webprogramozás\\Laravel_gyorstalpalo\\vendor\\laravel\\framework\\src\\Illuminate\\Foundation\\resources\\server.php(23): require_once('D:\\\\G\\xC3\\xA1bor\\\\Iskol...')
#64 {main}

[previous exception] [object] (Illuminate\\Foundation\\ViteManifestNotFoundException(code: 0): Vite manifest not found at: D:\\Gábor\\Iskola\\12.Osztály\\Webprogramozás\\Laravel_gyorstalpalo\\public\\build/manifest.json at D:\\Gábor\\Iskola\\12.Osztály\\Webprogramozás\\Laravel_gyorstalpalo\\vendor\\laravel\\framework\\src\\Illuminate\\Foundation\\Vite.php:934)
[stacktrace]
#0 D:\\Gábor\\Iskola\\12.Osztály\\Webprogramozás\\Laravel_gyorstalpalo\\vendor\\laravel\\framework\\src\\Illuminate\\Foundation\\Vite.php(384): Illuminate\\Foundation\\Vite->manifest('build')
#1 D:\\Gábor\\Iskola\\12.Osztály\\Webprogramozás\\Laravel_gyorstalpalo\\storage\\framework\\views\\a35d38ae464d1c8650a87fa9a4588981.php(15): Illuminate\\Foundation\\Vite->__invoke(Object(Illuminate\\Support\\Collection))
#2 D:\\Gábor\\Iskola\\12.Osztály\\Webprogramozás\\Laravel_gyorstalpalo\\vendor\\laravel\\framework\\src\\Illuminate\\Filesystem\\Filesystem.php(123): require('D:\\\\G\\xC3\\xA1bor\\\\Iskol...')
#3 D:\\Gábor\\Iskola\\12.Osztály\\Webprogramozás\\Laravel_gyorstalpalo\\vendor\\laravel\\framework\\src\\Illuminate\\Filesystem\\Filesystem.php(124): Illuminate\\Filesystem\\Filesystem::Illuminate\\Filesystem\\{closure}()
#4 D:\\Gábor\\Iskola\\12.Osztály\\Webprogramozás\\Laravel_gyorstalpalo\\vendor\\laravel\\framework\\src\\Illuminate\\View\\Engines\\PhpEngine.php(58): Illuminate\\Filesystem\\Filesystem->getRequire('D:\\\\G\\xC3\\xA1bor\\\\Iskol...', Array)
#5 D:\\Gábor\\Iskola\\12.Osztály\\Webprogramozás\\Laravel_gyorstalpalo\\vendor\\laravel\\framework\\src\\Illuminate\\View\\Engines\\CompilerEngine.php(75): Illuminate\\View\\Engines\\PhpEngine->evaluatePath('D:\\\\G\\xC3\\xA1bor\\\\Iskol...', Array)
#6 D:\\Gábor\\Iskola\\12.Osztály\\Webprogramozás\\Laravel_gyorstalpalo\\vendor\\laravel\\framework\\src\\Illuminate\\View\\View.php(209): Illuminate\\View\\Engines\\CompilerEngine->get('D:\\\\G\\xC3\\xA1bor\\\\Iskol...', Array)
#7 D:\\Gábor\\Iskola\\12.Osztály\\Webprogramozás\\Laravel_gyorstalpalo\\vendor\\laravel\\framework\\src\\Illuminate\\View\\View.php(192): Illuminate\\View\\View->getContents()
#8 D:\\Gábor\\Iskola\\12.Osztály\\Webprogramozás\\Laravel_gyorstalpalo\\vendor\\laravel\\framework\\src\\Illuminate\\View\\View.php(161): Illuminate\\View\\View->renderContents()
#9 D:\\Gábor\\Iskola\\12.Osztály\\Webprogramozás\\Laravel_gyorstalpalo\\vendor\\laravel\\framework\\src\\Illuminate\\View\\Concerns\\ManagesComponents.php(99): Illuminate\\View\\View->render()
#10 D:\\Gábor\\Iskola\\12.Osztály\\Webprogramozás\\Laravel_gyorstalpalo\\storage\\framework\\views\\a86df09977cf81ed14d506d6254c5f99.php(206): Illuminate\\View\\Factory->renderComponent()
#11 D:\\Gábor\\Iskola\\12.Osztály\\Webprogramozás\\Laravel_gyorstalpalo\\vendor\\laravel\\framework\\src\\Illuminate\\Filesystem\\Filesystem.php(123): require('D:\\\\G\\xC3\\xA1bor\\\\Iskol...')
#12 D:\\Gábor\\Iskola\\12.Osztály\\Webprogramozás\\Laravel_gyorstalpalo\\vendor\\laravel\\framework\\src\\Illuminate\\Filesystem\\Filesystem.php(124): Illuminate\\Filesystem\\Filesystem::Illuminate\\Filesystem\\{closure}()
#13 D:\\Gábor\\Iskola\\12.Osztály\\Webprogramozás\\Laravel_gyorstalpalo\\vendor\\laravel\\framework\\src\\Illuminate\\View\\Engines\\PhpEngine.php(58): Illuminate\\Filesystem\\Filesystem->getRequire('D:\\\\G\\xC3\\xA1bor\\\\Iskol...', Array)
#14 D:\\Gábor\\Iskola\\12.Osztály\\Webprogramozás\\Laravel_gyorstalpalo\\vendor\\laravel\\framework\\src\\Illuminate\\View\\Engines\\CompilerEngine.php(75): Illuminate\\View\\Engines\\PhpEngine->evaluatePath('D:\\\\G\\xC3\\xA1bor\\\\Iskol...', Array)
#15 D:\\Gábor\\Iskola\\12.Osztály\\Webprogramozás\\Laravel_gyorstalpalo\\vendor\\laravel\\framework\\src\\Illuminate\\View\\View.php(209): Illuminate\\View\\Engines\\CompilerEngine->get('D:\\\\G\\xC3\\xA1bor\\\\Iskol...', Array)
#16 D:\\Gábor\\Iskola\\12.Osztály\\Webprogramozás\\Laravel_gyorstalpalo\\vendor\\laravel\\framework\\src\\Illuminate\\View\\View.php(192): Illuminate\\View\\View->getContents()
#17 D:\\Gábor\\Iskola\\12.Osztály\\Webprogramozás\\Laravel_gyorstalpalo\\vendor\\laravel\\framework\\src\\Illuminate\\View\\View.php(161): Illuminate\\View\\View->renderContents()
#18 D:\\Gábor\\Iskola\\12.Osztály\\Webprogramozás\\Laravel_gyorstalpalo\\vendor\\laravel\\framework\\src\\Illuminate\\Http\\Response.php(79): Illuminate\\View\\View->render()
#19 D:\\Gábor\\Iskola\\12.Osztály\\Webprogramozás\\Laravel_gyorstalpalo\\vendor\\laravel\\framework\\src\\Illuminate\\Http\\Response.php(35): Illuminate\\Http\\Response->setContent(Object(Illuminate\\View\\View))
#20 D:\\Gábor\\Iskola\\12.Osztály\\Webprogramozás\\Laravel_gyorstalpalo\\vendor\\laravel\\framework\\src\\Illuminate\\Routing\\Router.php(920): Illuminate\\Http\\Response->__construct(Object(Illuminate\\View\\View), 200, Array)
#21 D:\\Gábor\\Iskola\\12.Osztály\\Webprogramozás\\Laravel_gyorstalpalo\\vendor\\laravel\\framework\\src\\Illuminate\\Routing\\Router.php(887): Illuminate\\Routing\\Router::toResponse(Object(Illuminate\\Http\\Request), Object(Illuminate\\View\\View))
#22 D:\\Gábor\\Iskola\\12.Osztály\\Webprogramozás\\Laravel_gyorstalpalo\\vendor\\laravel\\framework\\src\\Illuminate\\Routing\\Router.php(807): Illuminate\\Routing\\Router->prepareResponse(Object(Illuminate\\Http\\Request), Object(Illuminate\\View\\View))
#23 D:\\Gábor\\Iskola\\12.Osztály\\Webprogramozás\\Laravel_gyorstalpalo\\vendor\\laravel\\framework\\src\\Illuminate\\Pipeline\\Pipeline.php(144): Illuminate\\Routing\\Router->Illuminate\\Routing\\{closure}(Object(Illuminate\\Http\\Request))
#24 D:\\Gábor\\Iskola\\12.Osztály\\Webprogramozás\\Laravel_gyorstalpalo\\vendor\\laravel\\framework\\src\\Illuminate\\Auth\\Middleware\\RedirectIfAuthenticated.php(35): Illuminate\\Pipeline\\Pipeline->Illuminate\\Pipeline\\{closure}(Object(Illuminate\\Http\\Request))
#25 D:\\Gábor\\Iskola\\12.Osztály\\Webprogramozás\\Laravel_gyorstalpalo\\vendor\\laravel\\framework\\src\\Illuminate\\Pipeline\\Pipeline.php(183): Illuminate\\Auth\\Middleware\\RedirectIfAuthenticated->handle(Object(Illuminate\\Http\\Request), Object(Closure))
#26 D:\\Gábor\\Iskola\\12.Osztály\\Webprogramozás\\Laravel_gyorstalpalo\\vendor\\laravel\\framework\\src\\Illuminate\\Routing\\Middleware\\SubstituteBindings.php(51): Illuminate\\Pipeline\\Pipeline->Illuminate\\Pipeline\\{closure}(Object(Illuminate\\Http\\Request))
#27 D:\\Gábor\\Iskola\\12.Osztály\\Webprogramozás\\Laravel_gyorstalpalo\\vendor\\laravel\\framework\\src\\Illuminate\\Pipeline\\Pipeline.php(183): Illuminate\\Routing\\Middleware\\SubstituteBindings->handle(Object(Illuminate\\Http\\Request), Object(Closure))
#28 D:\\Gábor\\Iskola\\12.Osztály\\Webprogramozás\\Laravel_gyorstalpalo\\vendor\\laravel\\framework\\src\\Illuminate\\Foundation\\Http\\Middleware\\VerifyCsrfToken.php(88): Illuminate\\Pipeline\\Pipeline->Illuminate\\Pipeline\\{closure}(Object(Illuminate\\Http\\Request))
#29 D:\\Gábor\\Iskola\\12.Osztály\\Webprogramozás\\Laravel_gyorstalpalo\\vendor\\laravel\\framework\\src\\Illuminate\\Pipeline\\Pipeline.php(183): Illuminate\\Foundation\\Http\\Middleware\\VerifyCsrfToken->handle(Object(Illuminate\\Http\\Request), Object(Closure))
#30 D:\\Gábor\\Iskola\\12.Osztály\\Webprogramozás\\Laravel_gyorstalpalo\\vendor\\laravel\\framework\\src\\Illuminate\\View\\Middleware\\ShareErrorsFromSession.php(49): Illuminate\\Pipeline\\Pipeline->Illuminate\\Pipeline\\{closure}(Object(Illuminate\\Http\\Request))
#31 D:\\Gábor\\Iskola\\12.Osztály\\Webprogramozás\\Laravel_gyorstalpalo\\vendor\\laravel\\framework\\src\\Illuminate\\Pipeline\\Pipeline.php(183): Illuminate\\View\\Middleware\\ShareErrorsFromSession->handle(Object(Illuminate\\Http\\Request), Object(Closure))
#32 D:\\Gábor\\Iskola\\12.Osztály\\Webprogramozás\\Laravel_gyorstalpalo\\vendor\\laravel\\framework\\src\\Illuminate\\Session\\Middleware\\StartSession.php(121): Illuminate\\Pipeline\\Pipeline->Illuminate\\Pipeline\\{closure}(Object(Illuminate\\Http\\Request))
#33 D:\\Gábor\\Iskola\\12.Osztály\\Webprogramozás\\Laravel_gyorstalpalo\\vendor\\laravel\\framework\\src\\Illuminate\\Session\\Middleware\\StartSession.php(64): Illuminate\\Session\\Middleware\\StartSession->handleStatefulRequest(Object(Illuminate\\Http\\Request), Object(Illuminate\\Session\\Store), Object(Closure))
#34 D:\\Gábor\\Iskola\\12.Osztály\\Webprogramozás\\Laravel_gyorstalpalo\\vendor\\laravel\\framework\\src\\Illuminate\\Pipeline\\Pipeline.php(183): Illuminate\\Session\\Middleware\\StartSession->handle(Object(Illuminate\\Http\\Request), Object(Closure))
#35 D:\\Gábor\\Iskola\\12.Osztály\\Webprogramozás\\Laravel_gyorstalpalo\\vendor\\laravel\\framework\\src\\Illuminate\\Cookie\\Middleware\\AddQueuedCookiesToResponse.php(37): Illuminate\\Pipeline\\Pipeline->Illuminate\\Pipeline\\{closure}(Object(Illuminate\\Http\\Request))
#36 D:\\Gábor\\Iskola\\12.Osztály\\Webprogramozás\\Laravel_gyorstalpalo\\vendor\\laravel\\framework\\src\\Illuminate\\Pipeline\\Pipeline.php(183): Illuminate\\Cookie\\Middleware\\AddQueuedCookiesToResponse->handle(Object(Illuminate\\Http\\Request), Object(Closure))
#37 D:\\Gábor\\Iskola\\12.Osztály\\Webprogramozás\\Laravel_gyorstalpalo\\vendor\\laravel\\framework\\src\\Illuminate\\Cookie\\Middleware\\EncryptCookies.php(75): Illuminate\\Pipeline\\Pipeline->Illuminate\\Pipeline\\{closure}(Object(Illuminate\\Http\\Request))
#38 D:\\Gábor\\Iskola\\12.Osztály\\Webprogramozás\\Laravel_gyorstalpalo\\vendor\\laravel\\framework\\src\\Illuminate\\Pipeline\\Pipeline.php(183): Illuminate\\Cookie\\Middleware\\EncryptCookies->handle(Object(Illuminate\\Http\\Request), Object(Closure))
#39 D:\\Gábor\\Iskola\\12.Osztály\\Webprogramozás\\Laravel_gyorstalpalo\\vendor\\laravel\\framework\\src\\Illuminate\\Pipeline\\Pipeline.php(119): Illuminate\\Pipeline\\Pipeline->Illuminate\\Pipeline\\{closure}(Object(Illuminate\\Http\\Request))
#40 D:\\Gábor\\Iskola\\12.Osztály\\Webprogramozás\\Laravel_gyorstalpalo\\vendor\\laravel\\framework\\src\\Illuminate\\Routing\\Router.php(807): Illuminate\\Pipeline\\Pipeline->then(Object(Closure))
#41 D:\\Gábor\\Iskola\\12.Osztály\\Webprogramozás\\Laravel_gyorstalpalo\\vendor\\laravel\\framework\\src\\Illuminate\\Routing\\Router.php(786): Illuminate\\Routing\\Router->runRouteWithinStack(Object(Illuminate\\Routing\\Route), Object(Illuminate\\Http\\Request))
#42 D:\\Gábor\\Iskola\\12.Osztály\\Webprogramozás\\Laravel_gyorstalpalo\\vendor\\laravel\\framework\\src\\Illuminate\\Routing\\Router.php(750): Illuminate\\Routing\\Router->runRoute(Object(Illuminate\\Http\\Request), Object(Illuminate\\Routing\\Route))
#43 D:\\Gábor\\Iskola\\12.Osztály\\Webprogramozás\\Laravel_gyorstalpalo\\vendor\\laravel\\framework\\src\\Illuminate\\Routing\\Router.php(739): Illuminate\\Routing\\Router->dispatchToRoute(Object(Illuminate\\Http\\Request))
#44 D:\\Gábor\\Iskola\\12.Osztály\\Webprogramozás\\Laravel_gyorstalpalo\\vendor\\laravel\\framework\\src\\Illuminate\\Foundation\\Http\\Kernel.php(201): Illuminate\\Routing\\Router->dispatch(Object(Illuminate\\Http\\Request))
#45 D:\\Gábor\\Iskola\\12.Osztály\\Webprogramozás\\Laravel_gyorstalpalo\\vendor\\laravel\\framework\\src\\Illuminate\\Pipeline\\Pipeline.php(144): Illuminate\\Foundation\\Http\\Kernel->Illuminate\\Foundation\\Http\\{closure}(Object(Illuminate\\Http\\Request))
#46 D:\\Gábor\\Iskola\\12.Osztály\\Webprogramozás\\Laravel_gyorstalpalo\\vendor\\laravel\\framework\\src\\Illuminate\\Foundation\\Http\\Middleware\\TransformsRequest.php(21): Illuminate\\Pipeline\\Pipeline->Illuminate\\Pipeline\\{closure}(Object(Illuminate\\Http\\Request))
#47 D:\\Gábor\\Iskola\\12.Osztály\\Webprogramozás\\Laravel_gyorstalpalo\\vendor\\laravel\\framework\\src\\Illuminate\\Foundation\\Http\\Middleware\\ConvertEmptyStringsToNull.php(31): Illuminate\\Foundation\\Http\\Middleware\\TransformsRequest->handle(Object(Illuminate\\Http\\Request), Object(Closure))
#48 D:\\Gábor\\Iskola\\12.Osztály\\Webprogramozás\\Laravel_gyorstalpalo\\vendor\\laravel\\framework\\src\\Illuminate\\Pipeline\\Pipeline.php(183): Illuminate\\Foundation\\Http\\Middleware\\ConvertEmptyStringsToNull->handle(Object(Illuminate\\Http\\Request), Object(Closure))
#49 D:\\Gábor\\Iskola\\12.Osztály\\Webprogramozás\\Laravel_gyorstalpalo\\vendor\\laravel\\framework\\src\\Illuminate\\Foundation\\Http\\Middleware\\TransformsRequest.php(21): Illuminate\\Pipeline\\Pipeline->Illuminate\\Pipeline\\{closure}(Object(Illuminate\\Http\\Request))
#50 D:\\Gábor\\Iskola\\12.Osztály\\Webprogramozás\\Laravel_gyorstalpalo\\vendor\\laravel\\framework\\src\\Illuminate\\Foundation\\Http\\Middleware\\TrimStrings.php(51): Illuminate\\Foundation\\Http\\Middleware\\TransformsRequest->handle(Object(Illuminate\\Http\\Request), Object(Closure))
#51 D:\\Gábor\\Iskola\\12.Osztály\\Webprogramozás\\Laravel_gyorstalpalo\\vendor\\laravel\\framework\\src\\Illuminate\\Pipeline\\Pipeline.php(183): Illuminate\\Foundation\\Http\\Middleware\\TrimStrings->handle(Object(Illuminate\\Http\\Request), Object(Closure))
#52 D:\\Gábor\\Iskola\\12.Osztály\\Webprogramozás\\Laravel_gyorstalpalo\\vendor\\laravel\\framework\\src\\Illuminate\\Http\\Middleware\\ValidatePostSize.php(27): Illuminate\\Pipeline\\Pipeline->Illuminate\\Pipeline\\{closure}(Object(Illuminate\\Http\\Request))
#53 D:\\Gábor\\Iskola\\12.Osztály\\Webprogramozás\\Laravel_gyorstalpalo\\vendor\\laravel\\framework\\src\\Illuminate\\Pipeline\\Pipeline.php(183): Illuminate\\Http\\Middleware\\ValidatePostSize->handle(Object(Illuminate\\Http\\Request), Object(Closure))
#54 D:\\Gábor\\Iskola\\12.Osztály\\Webprogramozás\\Laravel_gyorstalpalo\\vendor\\laravel\\framework\\src\\Illuminate\\Foundation\\Http\\Middleware\\PreventRequestsDuringMaintenance.php(110): Illuminate\\Pipeline\\Pipeline->Illuminate\\Pipeline\\{closure}(Object(Illuminate\\Http\\Request))
#55 D:\\Gábor\\Iskola\\12.Osztály\\Webprogramozás\\Laravel_gyorstalpalo\\vendor\\laravel\\framework\\src\\Illuminate\\Pipeline\\Pipeline.php(183): Illuminate\\Foundation\\Http\\Middleware\\PreventRequestsDuringMaintenance->handle(Object(Illuminate\\Http\\Request), Object(Closure))
#56 D:\\Gábor\\Iskola\\12.Osztály\\Webprogramozás\\Laravel_gyorstalpalo\\vendor\\laravel\\framework\\src\\Illuminate\\Http\\Middleware\\HandleCors.php(49): Illuminate\\Pipeline\\Pipeline->Illuminate\\Pipeline\\{closure}(Object(Illuminate\\Http\\Request))
#57 D:\\Gábor\\Iskola\\12.Osztály\\Webprogramozás\\Laravel_gyorstalpalo\\vendor\\laravel\\framework\\src\\Illuminate\\Pipeline\\Pipeline.php(183): Illuminate\\Http\\Middleware\\HandleCors->handle(Object(Illuminate\\Http\\Request), Object(Closure))
#58 D:\\Gábor\\Iskola\\12.Osztály\\Webprogramozás\\Laravel_gyorstalpalo\\vendor\\laravel\\framework\\src\\Illuminate\\Http\\Middleware\\TrustProxies.php(58): Illuminate\\Pipeline\\Pipeline->Illuminate\\Pipeline\\{closure}(Object(Illuminate\\Http\\Request))
#59 D:\\Gábor\\Iskola\\12.Osztály\\Webprogramozás\\Laravel_gyorstalpalo\\vendor\\laravel\\framework\\src\\Illuminate\\Pipeline\\Pipeline.php(183): Illuminate\\Http\\Middleware\\TrustProxies->handle(Object(Illuminate\\Http\\Request), Object(Closure))
#60 D:\\Gábor\\Iskola\\12.Osztály\\Webprogramozás\\Laravel_gyorstalpalo\\vendor\\laravel\\framework\\src\\Illuminate\\Foundation\\Http\\Middleware\\InvokeDeferredCallbacks.php(22): Illuminate\\Pipeline\\Pipeline->Illuminate\\Pipeline\\{closure}(Object(Illuminate\\Http\\Request))
#61 D:\\Gábor\\Iskola\\12.Osztály\\Webprogramozás\\Laravel_gyorstalpalo\\vendor\\laravel\\framework\\src\\Illuminate\\Pipeline\\Pipeline.php(183): Illuminate\\Foundation\\Http\\Middleware\\InvokeDeferredCallbacks->handle(Object(Illuminate\\Http\\Request), Object(Closure))
#62 D:\\Gábor\\Iskola\\12.Osztály\\Webprogramozás\\Laravel_gyorstalpalo\\vendor\\laravel\\framework\\src\\Illuminate\\Pipeline\\Pipeline.php(119): Illuminate\\Pipeline\\Pipeline->Illuminate\\Pipeline\\{closure}(Object(Illuminate\\Http\\Request))
#63 D:\\Gábor\\Iskola\\12.Osztály\\Webprogramozás\\Laravel_gyorstalpalo\\vendor\\laravel\\framework\\src\\Illuminate\\Foundation\\Http\\Kernel.php(176): Illuminate\\Pipeline\\Pipeline->then(Object(Closure))
#64 D:\\Gábor\\Iskola\\12.Osztály\\Webprogramozás\\Laravel_gyorstalpalo\\vendor\\laravel\\framework\\src\\Illuminate\\Foundation\\Http\\Kernel.php(145): Illuminate\\Foundation\\Http\\Kernel->sendRequestThroughRouter(Object(Illuminate\\Http\\Request))
#65 D:\\Gábor\\Iskola\\12.Osztály\\Webprogramozás\\Laravel_gyorstalpalo\\vendor\\laravel\\framework\\src\\Illuminate\\Foundation\\Application.php(1190): Illuminate\\Foundation\\Http\\Kernel->handle(Object(Illuminate\\Http\\Request))
#66 D:\\Gábor\\Iskola\\12.Osztály\\Webprogramozás\\Laravel_gyorstalpalo\\public\\index.php(17): Illuminate\\Foundation\\Application->handleRequest(Object(Illuminate\\Http\\Request))
#67 D:\\Gábor\\Iskola\\12.Osztály\\Webprogramozás\\Laravel_gyorstalpalo\\vendor\\laravel\\framework\\src\\Illuminate\\Foundation\\resources\\server.php(23): require_once('D:\\\\G\\xC3\\xA1bor\\\\Iskol...')
#68 {main}
"} 
[2025-01-13 12:37:24] local.ERROR: Vite manifest not found at: D:\Gábor\Iskola\12.Osztály\Webprogramozás\Laravel_gyorstalpalo\public\build/manifest.json (View: D:\Gábor\Iskola\12.Osztály\Webprogramozás\Laravel_gyorstalpalo\resources\views\layouts\guest.blade.php) (View: D:\Gábor\Iskola\12.Osztály\Webprogramozás\Laravel_gyorstalpalo\resources\views\layouts\guest.blade.php) {"exception":"[object] (Illuminate\\View\\ViewException(code: 0): Vite manifest not found at: D:\\Gábor\\Iskola\\12.Osztály\\Webprogramozás\\Laravel_gyorstalpalo\\public\\build/manifest.json (View: D:\\Gábor\\Iskola\\12.Osztály\\Webprogramozás\\Laravel_gyorstalpalo\\resources\\views\\layouts\\guest.blade.php) (View: D:\\Gábor\\Iskola\\12.Osztály\\Webprogramozás\\Laravel_gyorstalpalo\\resources\\views\\layouts\\guest.blade.php) at D:\\Gábor\\Iskola\\12.Osztály\\Webprogramozás\\Laravel_gyorstalpalo\\vendor\\laravel\\framework\\src\\Illuminate\\Foundation\\Vite.php:934)
[stacktrace]
#0 D:\\Gábor\\Iskola\\12.Osztály\\Webprogramozás\\Laravel_gyorstalpalo\\vendor\\laravel\\framework\\src\\Illuminate\\View\\Engines\\PhpEngine.php(60): Illuminate\\View\\Engines\\CompilerEngine->handleViewException(Object(Illuminate\\View\\ViewException), 1)
#1 D:\\Gábor\\Iskola\\12.Osztály\\Webprogramozás\\Laravel_gyorstalpalo\\vendor\\laravel\\framework\\src\\Illuminate\\View\\Engines\\CompilerEngine.php(75): Illuminate\\View\\Engines\\PhpEngine->evaluatePath('D:\\\\G\\xC3\\xA1bor\\\\Iskol...', Array)
#2 D:\\Gábor\\Iskola\\12.Osztály\\Webprogramozás\\Laravel_gyorstalpalo\\vendor\\laravel\\framework\\src\\Illuminate\\View\\View.php(209): Illuminate\\View\\Engines\\CompilerEngine->get('D:\\\\G\\xC3\\xA1bor\\\\Iskol...', Array)
#3 D:\\Gábor\\Iskola\\12.Osztály\\Webprogramozás\\Laravel_gyorstalpalo\\vendor\\laravel\\framework\\src\\Illuminate\\View\\View.php(192): Illuminate\\View\\View->getContents()
#4 D:\\Gábor\\Iskola\\12.Osztály\\Webprogramozás\\Laravel_gyorstalpalo\\vendor\\laravel\\framework\\src\\Illuminate\\View\\View.php(161): Illuminate\\View\\View->renderContents()
#5 D:\\Gábor\\Iskola\\12.Osztály\\Webprogramozás\\Laravel_gyorstalpalo\\vendor\\laravel\\framework\\src\\Illuminate\\Http\\Response.php(79): Illuminate\\View\\View->render()
#6 D:\\Gábor\\Iskola\\12.Osztály\\Webprogramozás\\Laravel_gyorstalpalo\\vendor\\laravel\\framework\\src\\Illuminate\\Http\\Response.php(35): Illuminate\\Http\\Response->setContent(Object(Illuminate\\View\\View))
#7 D:\\Gábor\\Iskola\\12.Osztály\\Webprogramozás\\Laravel_gyorstalpalo\\vendor\\laravel\\framework\\src\\Illuminate\\Routing\\Router.php(920): Illuminate\\Http\\Response->__construct(Object(Illuminate\\View\\View), 200, Array)
#8 D:\\Gábor\\Iskola\\12.Osztály\\Webprogramozás\\Laravel_gyorstalpalo\\vendor\\laravel\\framework\\src\\Illuminate\\Routing\\Router.php(887): Illuminate\\Routing\\Router::toResponse(Object(Illuminate\\Http\\Request), Object(Illuminate\\View\\View))
#9 D:\\Gábor\\Iskola\\12.Osztály\\Webprogramozás\\Laravel_gyorstalpalo\\vendor\\laravel\\framework\\src\\Illuminate\\Routing\\Router.php(807): Illuminate\\Routing\\Router->prepareResponse(Object(Illuminate\\Http\\Request), Object(Illuminate\\View\\View))
#10 D:\\Gábor\\Iskola\\12.Osztály\\Webprogramozás\\Laravel_gyorstalpalo\\vendor\\laravel\\framework\\src\\Illuminate\\Pipeline\\Pipeline.php(144): Illuminate\\Routing\\Router->Illuminate\\Routing\\{closure}(Object(Illuminate\\Http\\Request))
#11 D:\\Gábor\\Iskola\\12.Osztály\\Webprogramozás\\Laravel_gyorstalpalo\\vendor\\laravel\\framework\\src\\Illuminate\\Auth\\Middleware\\RedirectIfAuthenticated.php(35): Illuminate\\Pipeline\\Pipeline->Illuminate\\Pipeline\\{closure}(Object(Illuminate\\Http\\Request))
#12 D:\\Gábor\\Iskola\\12.Osztály\\Webprogramozás\\Laravel_gyorstalpalo\\vendor\\laravel\\framework\\src\\Illuminate\\Pipeline\\Pipeline.php(183): Illuminate\\Auth\\Middleware\\RedirectIfAuthenticated->handle(Object(Illuminate\\Http\\Request), Object(Closure))
#13 D:\\Gábor\\Iskola\\12.Osztály\\Webprogramozás\\Laravel_gyorstalpalo\\vendor\\laravel\\framework\\src\\Illuminate\\Routing\\Middleware\\SubstituteBindings.php(51): Illuminate\\Pipeline\\Pipeline->Illuminate\\Pipeline\\{closure}(Object(Illuminate\\Http\\Request))
#14 D:\\Gábor\\Iskola\\12.Osztály\\Webprogramozás\\Laravel_gyorstalpalo\\vendor\\laravel\\framework\\src\\Illuminate\\Pipeline\\Pipeline.php(183): Illuminate\\Routing\\Middleware\\SubstituteBindings->handle(Object(Illuminate\\Http\\Request), Object(Closure))
#15 D:\\Gábor\\Iskola\\12.Osztály\\Webprogramozás\\Laravel_gyorstalpalo\\vendor\\laravel\\framework\\src\\Illuminate\\Foundation\\Http\\Middleware\\VerifyCsrfToken.php(88): Illuminate\\Pipeline\\Pipeline->Illuminate\\Pipeline\\{closure}(Object(Illuminate\\Http\\Request))
#16 D:\\Gábor\\Iskola\\12.Osztály\\Webprogramozás\\Laravel_gyorstalpalo\\vendor\\laravel\\framework\\src\\Illuminate\\Pipeline\\Pipeline.php(183): Illuminate\\Foundation\\Http\\Middleware\\VerifyCsrfToken->handle(Object(Illuminate\\Http\\Request), Object(Closure))
#17 D:\\Gábor\\Iskola\\12.Osztály\\Webprogramozás\\Laravel_gyorstalpalo\\vendor\\laravel\\framework\\src\\Illuminate\\View\\Middleware\\ShareErrorsFromSession.php(49): Illuminate\\Pipeline\\Pipeline->Illuminate\\Pipeline\\{closure}(Object(Illuminate\\Http\\Request))
#18 D:\\Gábor\\Iskola\\12.Osztály\\Webprogramozás\\Laravel_gyorstalpalo\\vendor\\laravel\\framework\\src\\Illuminate\\Pipeline\\Pipeline.php(183): Illuminate\\View\\Middleware\\ShareErrorsFromSession->handle(Object(Illuminate\\Http\\Request), Object(Closure))
#19 D:\\Gábor\\Iskola\\12.Osztály\\Webprogramozás\\Laravel_gyorstalpalo\\vendor\\laravel\\framework\\src\\Illuminate\\Session\\Middleware\\StartSession.php(121): Illuminate\\Pipeline\\Pipeline->Illuminate\\Pipeline\\{closure}(Object(Illuminate\\Http\\Request))
#20 D:\\Gábor\\Iskola\\12.Osztály\\Webprogramozás\\Laravel_gyorstalpalo\\vendor\\laravel\\framework\\src\\Illuminate\\Session\\Middleware\\StartSession.php(64): Illuminate\\Session\\Middleware\\StartSession->handleStatefulRequest(Object(Illuminate\\Http\\Request), Object(Illuminate\\Session\\Store), Object(Closure))
#21 D:\\Gábor\\Iskola\\12.Osztály\\Webprogramozás\\Laravel_gyorstalpalo\\vendor\\laravel\\framework\\src\\Illuminate\\Pipeline\\Pipeline.php(183): Illuminate\\Session\\Middleware\\StartSession->handle(Object(Illuminate\\Http\\Request), Object(Closure))
#22 D:\\Gábor\\Iskola\\12.Osztály\\Webprogramozás\\Laravel_gyorstalpalo\\vendor\\laravel\\framework\\src\\Illuminate\\Cookie\\Middleware\\AddQueuedCookiesToResponse.php(37): Illuminate\\Pipeline\\Pipeline->Illuminate\\Pipeline\\{closure}(Object(Illuminate\\Http\\Request))
#23 D:\\Gábor\\Iskola\\12.Osztály\\Webprogramozás\\Laravel_gyorstalpalo\\vendor\\laravel\\framework\\src\\Illuminate\\Pipeline\\Pipeline.php(183): Illuminate\\Cookie\\Middleware\\AddQueuedCookiesToResponse->handle(Object(Illuminate\\Http\\Request), Object(Closure))
#24 D:\\Gábor\\Iskola\\12.Osztály\\Webprogramozás\\Laravel_gyorstalpalo\\vendor\\laravel\\framework\\src\\Illuminate\\Cookie\\Middleware\\EncryptCookies.php(75): Illuminate\\Pipeline\\Pipeline->Illuminate\\Pipeline\\{closure}(Object(Illuminate\\Http\\Request))
#25 D:\\Gábor\\Iskola\\12.Osztály\\Webprogramozás\\Laravel_gyorstalpalo\\vendor\\laravel\\framework\\src\\Illuminate\\Pipeline\\Pipeline.php(183): Illuminate\\Cookie\\Middleware\\EncryptCookies->handle(Object(Illuminate\\Http\\Request), Object(Closure))
#26 D:\\Gábor\\Iskola\\12.Osztály\\Webprogramozás\\Laravel_gyorstalpalo\\vendor\\laravel\\framework\\src\\Illuminate\\Pipeline\\Pipeline.php(119): Illuminate\\Pipeline\\Pipeline->Illuminate\\Pipeline\\{closure}(Object(Illuminate\\Http\\Request))
#27 D:\\Gábor\\Iskola\\12.Osztály\\Webprogramozás\\Laravel_gyorstalpalo\\vendor\\laravel\\framework\\src\\Illuminate\\Routing\\Router.php(807): Illuminate\\Pipeline\\Pipeline->then(Object(Closure))
#28 D:\\Gábor\\Iskola\\12.Osztály\\Webprogramozás\\Laravel_gyorstalpalo\\vendor\\laravel\\framework\\src\\Illuminate\\Routing\\Router.php(786): Illuminate\\Routing\\Router->runRouteWithinStack(Object(Illuminate\\Routing\\Route), Object(Illuminate\\Http\\Request))
#29 D:\\Gábor\\Iskola\\12.Osztály\\Webprogramozás\\Laravel_gyorstalpalo\\vendor\\laravel\\framework\\src\\Illuminate\\Routing\\Router.php(750): Illuminate\\Routing\\Router->runRoute(Object(Illuminate\\Http\\Request), Object(Illuminate\\Routing\\Route))
#30 D:\\Gábor\\Iskola\\12.Osztály\\Webprogramozás\\Laravel_gyorstalpalo\\vendor\\laravel\\framework\\src\\Illuminate\\Routing\\Router.php(739): Illuminate\\Routing\\Router->dispatchToRoute(Object(Illuminate\\Http\\Request))
#31 D:\\Gábor\\Iskola\\12.Osztály\\Webprogramozás\\Laravel_gyorstalpalo\\vendor\\laravel\\framework\\src\\Illuminate\\Foundation\\Http\\Kernel.php(201): Illuminate\\Routing\\Router->dispatch(Object(Illuminate\\Http\\Request))
#32 D:\\Gábor\\Iskola\\12.Osztály\\Webprogramozás\\Laravel_gyorstalpalo\\vendor\\laravel\\framework\\src\\Illuminate\\Pipeline\\Pipeline.php(144): Illuminate\\Foundation\\Http\\Kernel->Illuminate\\Foundation\\Http\\{closure}(Object(Illuminate\\Http\\Request))
#33 D:\\Gábor\\Iskola\\12.Osztály\\Webprogramozás\\Laravel_gyorstalpalo\\vendor\\laravel\\framework\\src\\Illuminate\\Foundation\\Http\\Middleware\\TransformsRequest.php(21): Illuminate\\Pipeline\\Pipeline->Illuminate\\Pipeline\\{closure}(Object(Illuminate\\Http\\Request))
#34 D:\\Gábor\\Iskola\\12.Osztály\\Webprogramozás\\Laravel_gyorstalpalo\\vendor\\laravel\\framework\\src\\Illuminate\\Foundation\\Http\\Middleware\\ConvertEmptyStringsToNull.php(31): Illuminate\\Foundation\\Http\\Middleware\\TransformsRequest->handle(Object(Illuminate\\Http\\Request), Object(Closure))
#35 D:\\Gábor\\Iskola\\12.Osztály\\Webprogramozás\\Laravel_gyorstalpalo\\vendor\\laravel\\framework\\src\\Illuminate\\Pipeline\\Pipeline.php(183): Illuminate\\Foundation\\Http\\Middleware\\ConvertEmptyStringsToNull->handle(Object(Illuminate\\Http\\Request), Object(Closure))
#36 D:\\Gábor\\Iskola\\12.Osztály\\Webprogramozás\\Laravel_gyorstalpalo\\vendor\\laravel\\framework\\src\\Illuminate\\Foundation\\Http\\Middleware\\TransformsRequest.php(21): Illuminate\\Pipeline\\Pipeline->Illuminate\\Pipeline\\{closure}(Object(Illuminate\\Http\\Request))
#37 D:\\Gábor\\Iskola\\12.Osztály\\Webprogramozás\\Laravel_gyorstalpalo\\vendor\\laravel\\framework\\src\\Illuminate\\Foundation\\Http\\Middleware\\TrimStrings.php(51): Illuminate\\Foundation\\Http\\Middleware\\TransformsRequest->handle(Object(Illuminate\\Http\\Request), Object(Closure))
#38 D:\\Gábor\\Iskola\\12.Osztály\\Webprogramozás\\Laravel_gyorstalpalo\\vendor\\laravel\\framework\\src\\Illuminate\\Pipeline\\Pipeline.php(183): Illuminate\\Foundation\\Http\\Middleware\\TrimStrings->handle(Object(Illuminate\\Http\\Request), Object(Closure))
#39 D:\\Gábor\\Iskola\\12.Osztály\\Webprogramozás\\Laravel_gyorstalpalo\\vendor\\laravel\\framework\\src\\Illuminate\\Http\\Middleware\\ValidatePostSize.php(27): Illuminate\\Pipeline\\Pipeline->Illuminate\\Pipeline\\{closure}(Object(Illuminate\\Http\\Request))
#40 D:\\Gábor\\Iskola\\12.Osztály\\Webprogramozás\\Laravel_gyorstalpalo\\vendor\\laravel\\framework\\src\\Illuminate\\Pipeline\\Pipeline.php(183): Illuminate\\Http\\Middleware\\ValidatePostSize->handle(Object(Illuminate\\Http\\Request), Object(Closure))
#41 D:\\Gábor\\Iskola\\12.Osztály\\Webprogramozás\\Laravel_gyorstalpalo\\vendor\\laravel\\framework\\src\\Illuminate\\Foundation\\Http\\Middleware\\PreventRequestsDuringMaintenance.php(110): Illuminate\\Pipeline\\Pipeline->Illuminate\\Pipeline\\{closure}(Object(Illuminate\\Http\\Request))
#42 D:\\Gábor\\Iskola\\12.Osztály\\Webprogramozás\\Laravel_gyorstalpalo\\vendor\\laravel\\framework\\src\\Illuminate\\Pipeline\\Pipeline.php(183): Illuminate\\Foundation\\Http\\Middleware\\PreventRequestsDuringMaintenance->handle(Object(Illuminate\\Http\\Request), Object(Closure))
#43 D:\\Gábor\\Iskola\\12.Osztály\\Webprogramozás\\Laravel_gyorstalpalo\\vendor\\laravel\\framework\\src\\Illuminate\\Http\\Middleware\\HandleCors.php(49): Illuminate\\Pipeline\\Pipeline->Illuminate\\Pipeline\\{closure}(Object(Illuminate\\Http\\Request))
#44 D:\\Gábor\\Iskola\\12.Osztály\\Webprogramozás\\Laravel_gyorstalpalo\\vendor\\laravel\\framework\\src\\Illuminate\\Pipeline\\Pipeline.php(183): Illuminate\\Http\\Middleware\\HandleCors->handle(Object(Illuminate\\Http\\Request), Object(Closure))
#45 D:\\Gábor\\Iskola\\12.Osztály\\Webprogramozás\\Laravel_gyorstalpalo\\vendor\\laravel\\framework\\src\\Illuminate\\Http\\Middleware\\TrustProxies.php(58): Illuminate\\Pipeline\\Pipeline->Illuminate\\Pipeline\\{closure}(Object(Illuminate\\Http\\Request))
#46 D:\\Gábor\\Iskola\\12.Osztály\\Webprogramozás\\Laravel_gyorstalpalo\\vendor\\laravel\\framework\\src\\Illuminate\\Pipeline\\Pipeline.php(183): Illuminate\\Http\\Middleware\\TrustProxies->handle(Object(Illuminate\\Http\\Request), Object(Closure))
#47 D:\\Gábor\\Iskola\\12.Osztály\\Webprogramozás\\Laravel_gyorstalpalo\\vendor\\laravel\\framework\\src\\Illuminate\\Foundation\\Http\\Middleware\\InvokeDeferredCallbacks.php(22): Illuminate\\Pipeline\\Pipeline->Illuminate\\Pipeline\\{closure}(Object(Illuminate\\Http\\Request))
#48 D:\\Gábor\\Iskola\\12.Osztály\\Webprogramozás\\Laravel_gyorstalpalo\\vendor\\laravel\\framework\\src\\Illuminate\\Pipeline\\Pipeline.php(183): Illuminate\\Foundation\\Http\\Middleware\\InvokeDeferredCallbacks->handle(Object(Illuminate\\Http\\Request), Object(Closure))
#49 D:\\Gábor\\Iskola\\12.Osztály\\Webprogramozás\\Laravel_gyorstalpalo\\vendor\\laravel\\framework\\src\\Illuminate\\Pipeline\\Pipeline.php(119): Illuminate\\Pipeline\\Pipeline->Illuminate\\Pipeline\\{closure}(Object(Illuminate\\Http\\Request))
#50 D:\\Gábor\\Iskola\\12.Osztály\\Webprogramozás\\Laravel_gyorstalpalo\\vendor\\laravel\\framework\\src\\Illuminate\\Foundation\\Http\\Kernel.php(176): Illuminate\\Pipeline\\Pipeline->then(Object(Closure))
#51 D:\\Gábor\\Iskola\\12.Osztály\\Webprogramozás\\Laravel_gyorstalpalo\\vendor\\laravel\\framework\\src\\Illuminate\\Foundation\\Http\\Kernel.php(145): Illuminate\\Foundation\\Http\\Kernel->sendRequestThroughRouter(Object(Illuminate\\Http\\Request))
#52 D:\\Gábor\\Iskola\\12.Osztály\\Webprogramozás\\Laravel_gyorstalpalo\\vendor\\laravel\\framework\\src\\Illuminate\\Foundation\\Application.php(1190): Illuminate\\Foundation\\Http\\Kernel->handle(Object(Illuminate\\Http\\Request))
#53 D:\\Gábor\\Iskola\\12.Osztály\\Webprogramozás\\Laravel_gyorstalpalo\\public\\index.php(17): Illuminate\\Foundation\\Application->handleRequest(Object(Illuminate\\Http\\Request))
#54 D:\\Gábor\\Iskola\\12.Osztály\\Webprogramozás\\Laravel_gyorstalpalo\\vendor\\laravel\\framework\\src\\Illuminate\\Foundation\\resources\\server.php(23): require_once('D:\\\\G\\xC3\\xA1bor\\\\Iskol...')
#55 {main}

[previous exception] [object] (Illuminate\\View\\ViewException(code: 0): Vite manifest not found at: D:\\Gábor\\Iskola\\12.Osztály\\Webprogramozás\\Laravel_gyorstalpalo\\public\\build/manifest.json (View: D:\\Gábor\\Iskola\\12.Osztály\\Webprogramozás\\Laravel_gyorstalpalo\\resources\\views\\layouts\\guest.blade.php) at D:\\Gábor\\Iskola\\12.Osztály\\Webprogramozás\\Laravel_gyorstalpalo\\vendor\\laravel\\framework\\src\\Illuminate\\Foundation\\Vite.php:934)
[stacktrace]
#0 D:\\Gábor\\Iskola\\12.Osztály\\Webprogramozás\\Laravel_gyorstalpalo\\vendor\\laravel\\framework\\src\\Illuminate\\View\\Engines\\PhpEngine.php(60): Illuminate\\View\\Engines\\CompilerEngine->handleViewException(Object(Illuminate\\Foundation\\ViteManifestNotFoundException), 2)
#1 D:\\Gábor\\Iskola\\12.Osztály\\Webprogramozás\\Laravel_gyorstalpalo\\vendor\\laravel\\framework\\src\\Illuminate\\View\\Engines\\CompilerEngine.php(75): Illuminate\\View\\Engines\\PhpEngine->evaluatePath('D:\\\\G\\xC3\\xA1bor\\\\Iskol...', Array)
#2 D:\\Gábor\\Iskola\\12.Osztály\\Webprogramozás\\Laravel_gyorstalpalo\\vendor\\laravel\\framework\\src\\Illuminate\\View\\View.php(209): Illuminate\\View\\Engines\\CompilerEngine->get('D:\\\\G\\xC3\\xA1bor\\\\Iskol...', Array)
#3 D:\\Gábor\\Iskola\\12.Osztály\\Webprogramozás\\Laravel_gyorstalpalo\\vendor\\laravel\\framework\\src\\Illuminate\\View\\View.php(192): Illuminate\\View\\View->getContents()
#4 D:\\Gábor\\Iskola\\12.Osztály\\Webprogramozás\\Laravel_gyorstalpalo\\vendor\\laravel\\framework\\src\\Illuminate\\View\\View.php(161): Illuminate\\View\\View->renderContents()
#5 D:\\Gábor\\Iskola\\12.Osztály\\Webprogramozás\\Laravel_gyorstalpalo\\vendor\\laravel\\framework\\src\\Illuminate\\View\\Concerns\\ManagesComponents.php(99): Illuminate\\View\\View->render()
#6 D:\\Gábor\\Iskola\\12.Osztály\\Webprogramozás\\Laravel_gyorstalpalo\\storage\\framework\\views\\a86df09977cf81ed14d506d6254c5f99.php(206): Illuminate\\View\\Factory->renderComponent()
#7 D:\\Gábor\\Iskola\\12.Osztály\\Webprogramozás\\Laravel_gyorstalpalo\\vendor\\laravel\\framework\\src\\Illuminate\\Filesystem\\Filesystem.php(123): require('D:\\\\G\\xC3\\xA1bor\\\\Iskol...')
#8 D:\\Gábor\\Iskola\\12.Osztály\\Webprogramozás\\Laravel_gyorstalpalo\\vendor\\laravel\\framework\\src\\Illuminate\\Filesystem\\Filesystem.php(124): Illuminate\\Filesystem\\Filesystem::Illuminate\\Filesystem\\{closure}()
#9 D:\\Gábor\\Iskola\\12.Osztály\\Webprogramozás\\Laravel_gyorstalpalo\\vendor\\laravel\\framework\\src\\Illuminate\\View\\Engines\\PhpEngine.php(58): Illuminate\\Filesystem\\Filesystem->getRequire('D:\\\\G\\xC3\\xA1bor\\\\Iskol...', Array)
#10 D:\\Gábor\\Iskola\\12.Osztály\\Webprogramozás\\Laravel_gyorstalpalo\\vendor\\laravel\\framework\\src\\Illuminate\\View\\Engines\\CompilerEngine.php(75): Illuminate\\View\\Engines\\PhpEngine->evaluatePath('D:\\\\G\\xC3\\xA1bor\\\\Iskol...', Array)
#11 D:\\Gábor\\Iskola\\12.Osztály\\Webprogramozás\\Laravel_gyorstalpalo\\vendor\\laravel\\framework\\src\\Illuminate\\View\\View.php(209): Illuminate\\View\\Engines\\CompilerEngine->get('D:\\\\G\\xC3\\xA1bor\\\\Iskol...', Array)
#12 D:\\Gábor\\Iskola\\12.Osztály\\Webprogramozás\\Laravel_gyorstalpalo\\vendor\\laravel\\framework\\src\\Illuminate\\View\\View.php(192): Illuminate\\View\\View->getContents()
#13 D:\\Gábor\\Iskola\\12.Osztály\\Webprogramozás\\Laravel_gyorstalpalo\\vendor\\laravel\\framework\\src\\Illuminate\\View\\View.php(161): Illuminate\\View\\View->renderContents()
#14 D:\\Gábor\\Iskola\\12.Osztály\\Webprogramozás\\Laravel_gyorstalpalo\\vendor\\laravel\\framework\\src\\Illuminate\\Http\\Response.php(79): Illuminate\\View\\View->render()
#15 D:\\Gábor\\Iskola\\12.Osztály\\Webprogramozás\\Laravel_gyorstalpalo\\vendor\\laravel\\framework\\src\\Illuminate\\Http\\Response.php(35): Illuminate\\Http\\Response->setContent(Object(Illuminate\\View\\View))
#16 D:\\Gábor\\Iskola\\12.Osztály\\Webprogramozás\\Laravel_gyorstalpalo\\vendor\\laravel\\framework\\src\\Illuminate\\Routing\\Router.php(920): Illuminate\\Http\\Response->__construct(Object(Illuminate\\View\\View), 200, Array)
#17 D:\\Gábor\\Iskola\\12.Osztály\\Webprogramozás\\Laravel_gyorstalpalo\\vendor\\laravel\\framework\\src\\Illuminate\\Routing\\Router.php(887): Illuminate\\Routing\\Router::toResponse(Object(Illuminate\\Http\\Request), Object(Illuminate\\View\\View))
#18 D:\\Gábor\\Iskola\\12.Osztály\\Webprogramozás\\Laravel_gyorstalpalo\\vendor\\laravel\\framework\\src\\Illuminate\\Routing\\Router.php(807): Illuminate\\Routing\\Router->prepareResponse(Object(Illuminate\\Http\\Request), Object(Illuminate\\View\\View))
#19 D:\\Gábor\\Iskola\\12.Osztály\\Webprogramozás\\Laravel_gyorstalpalo\\vendor\\laravel\\framework\\src\\Illuminate\\Pipeline\\Pipeline.php(144): Illuminate\\Routing\\Router->Illuminate\\Routing\\{closure}(Object(Illuminate\\Http\\Request))
#20 D:\\Gábor\\Iskola\\12.Osztály\\Webprogramozás\\Laravel_gyorstalpalo\\vendor\\laravel\\framework\\src\\Illuminate\\Auth\\Middleware\\RedirectIfAuthenticated.php(35): Illuminate\\Pipeline\\Pipeline->Illuminate\\Pipeline\\{closure}(Object(Illuminate\\Http\\Request))
#21 D:\\Gábor\\Iskola\\12.Osztály\\Webprogramozás\\Laravel_gyorstalpalo\\vendor\\laravel\\framework\\src\\Illuminate\\Pipeline\\Pipeline.php(183): Illuminate\\Auth\\Middleware\\RedirectIfAuthenticated->handle(Object(Illuminate\\Http\\Request), Object(Closure))
#22 D:\\Gábor\\Iskola\\12.Osztály\\Webprogramozás\\Laravel_gyorstalpalo\\vendor\\laravel\\framework\\src\\Illuminate\\Routing\\Middleware\\SubstituteBindings.php(51): Illuminate\\Pipeline\\Pipeline->Illuminate\\Pipeline\\{closure}(Object(Illuminate\\Http\\Request))
#23 D:\\Gábor\\Iskola\\12.Osztály\\Webprogramozás\\Laravel_gyorstalpalo\\vendor\\laravel\\framework\\src\\Illuminate\\Pipeline\\Pipeline.php(183): Illuminate\\Routing\\Middleware\\SubstituteBindings->handle(Object(Illuminate\\Http\\Request), Object(Closure))
#24 D:\\Gábor\\Iskola\\12.Osztály\\Webprogramozás\\Laravel_gyorstalpalo\\vendor\\laravel\\framework\\src\\Illuminate\\Foundation\\Http\\Middleware\\VerifyCsrfToken.php(88): Illuminate\\Pipeline\\Pipeline->Illuminate\\Pipeline\\{closure}(Object(Illuminate\\Http\\Request))
#25 D:\\Gábor\\Iskola\\12.Osztály\\Webprogramozás\\Laravel_gyorstalpalo\\vendor\\laravel\\framework\\src\\Illuminate\\Pipeline\\Pipeline.php(183): Illuminate\\Foundation\\Http\\Middleware\\VerifyCsrfToken->handle(Object(Illuminate\\Http\\Request), Object(Closure))
#26 D:\\Gábor\\Iskola\\12.Osztály\\Webprogramozás\\Laravel_gyorstalpalo\\vendor\\laravel\\framework\\src\\Illuminate\\View\\Middleware\\ShareErrorsFromSession.php(49): Illuminate\\Pipeline\\Pipeline->Illuminate\\Pipeline\\{closure}(Object(Illuminate\\Http\\Request))
#27 D:\\Gábor\\Iskola\\12.Osztály\\Webprogramozás\\Laravel_gyorstalpalo\\vendor\\laravel\\framework\\src\\Illuminate\\Pipeline\\Pipeline.php(183): Illuminate\\View\\Middleware\\ShareErrorsFromSession->handle(Object(Illuminate\\Http\\Request), Object(Closure))
#28 D:\\Gábor\\Iskola\\12.Osztály\\Webprogramozás\\Laravel_gyorstalpalo\\vendor\\laravel\\framework\\src\\Illuminate\\Session\\Middleware\\StartSession.php(121): Illuminate\\Pipeline\\Pipeline->Illuminate\\Pipeline\\{closure}(Object(Illuminate\\Http\\Request))
#29 D:\\Gábor\\Iskola\\12.Osztály\\Webprogramozás\\Laravel_gyorstalpalo\\vendor\\laravel\\framework\\src\\Illuminate\\Session\\Middleware\\StartSession.php(64): Illuminate\\Session\\Middleware\\StartSession->handleStatefulRequest(Object(Illuminate\\Http\\Request), Object(Illuminate\\Session\\Store), Object(Closure))
#30 D:\\Gábor\\Iskola\\12.Osztály\\Webprogramozás\\Laravel_gyorstalpalo\\vendor\\laravel\\framework\\src\\Illuminate\\Pipeline\\Pipeline.php(183): Illuminate\\Session\\Middleware\\StartSession->handle(Object(Illuminate\\Http\\Request), Object(Closure))
#31 D:\\Gábor\\Iskola\\12.Osztály\\Webprogramozás\\Laravel_gyorstalpalo\\vendor\\laravel\\framework\\src\\Illuminate\\Cookie\\Middleware\\AddQueuedCookiesToResponse.php(37): Illuminate\\Pipeline\\Pipeline->Illuminate\\Pipeline\\{closure}(Object(Illuminate\\Http\\Request))
#32 D:\\Gábor\\Iskola\\12.Osztály\\Webprogramozás\\Laravel_gyorstalpalo\\vendor\\laravel\\framework\\src\\Illuminate\\Pipeline\\Pipeline.php(183): Illuminate\\Cookie\\Middleware\\AddQueuedCookiesToResponse->handle(Object(Illuminate\\Http\\Request), Object(Closure))
#33 D:\\Gábor\\Iskola\\12.Osztály\\Webprogramozás\\Laravel_gyorstalpalo\\vendor\\laravel\\framework\\src\\Illuminate\\Cookie\\Middleware\\EncryptCookies.php(75): Illuminate\\Pipeline\\Pipeline->Illuminate\\Pipeline\\{closure}(Object(Illuminate\\Http\\Request))
#34 D:\\Gábor\\Iskola\\12.Osztály\\Webprogramozás\\Laravel_gyorstalpalo\\vendor\\laravel\\framework\\src\\Illuminate\\Pipeline\\Pipeline.php(183): Illuminate\\Cookie\\Middleware\\EncryptCookies->handle(Object(Illuminate\\Http\\Request), Object(Closure))
#35 D:\\Gábor\\Iskola\\12.Osztály\\Webprogramozás\\Laravel_gyorstalpalo\\vendor\\laravel\\framework\\src\\Illuminate\\Pipeline\\Pipeline.php(119): Illuminate\\Pipeline\\Pipeline->Illuminate\\Pipeline\\{closure}(Object(Illuminate\\Http\\Request))
#36 D:\\Gábor\\Iskola\\12.Osztály\\Webprogramozás\\Laravel_gyorstalpalo\\vendor\\laravel\\framework\\src\\Illuminate\\Routing\\Router.php(807): Illuminate\\Pipeline\\Pipeline->then(Object(Closure))
#37 D:\\Gábor\\Iskola\\12.Osztály\\Webprogramozás\\Laravel_gyorstalpalo\\vendor\\laravel\\framework\\src\\Illuminate\\Routing\\Router.php(786): Illuminate\\Routing\\Router->runRouteWithinStack(Object(Illuminate\\Routing\\Route), Object(Illuminate\\Http\\Request))
#38 D:\\Gábor\\Iskola\\12.Osztály\\Webprogramozás\\Laravel_gyorstalpalo\\vendor\\laravel\\framework\\src\\Illuminate\\Routing\\Router.php(750): Illuminate\\Routing\\Router->runRoute(Object(Illuminate\\Http\\Request), Object(Illuminate\\Routing\\Route))
#39 D:\\Gábor\\Iskola\\12.Osztály\\Webprogramozás\\Laravel_gyorstalpalo\\vendor\\laravel\\framework\\src\\Illuminate\\Routing\\Router.php(739): Illuminate\\Routing\\Router->dispatchToRoute(Object(Illuminate\\Http\\Request))
#40 D:\\Gábor\\Iskola\\12.Osztály\\Webprogramozás\\Laravel_gyorstalpalo\\vendor\\laravel\\framework\\src\\Illuminate\\Foundation\\Http\\Kernel.php(201): Illuminate\\Routing\\Router->dispatch(Object(Illuminate\\Http\\Request))
#41 D:\\Gábor\\Iskola\\12.Osztály\\Webprogramozás\\Laravel_gyorstalpalo\\vendor\\laravel\\framework\\src\\Illuminate\\Pipeline\\Pipeline.php(144): Illuminate\\Foundation\\Http\\Kernel->Illuminate\\Foundation\\Http\\{closure}(Object(Illuminate\\Http\\Request))
#42 D:\\Gábor\\Iskola\\12.Osztály\\Webprogramozás\\Laravel_gyorstalpalo\\vendor\\laravel\\framework\\src\\Illuminate\\Foundation\\Http\\Middleware\\TransformsRequest.php(21): Illuminate\\Pipeline\\Pipeline->Illuminate\\Pipeline\\{closure}(Object(Illuminate\\Http\\Request))
#43 D:\\Gábor\\Iskola\\12.Osztály\\Webprogramozás\\Laravel_gyorstalpalo\\vendor\\laravel\\framework\\src\\Illuminate\\Foundation\\Http\\Middleware\\ConvertEmptyStringsToNull.php(31): Illuminate\\Foundation\\Http\\Middleware\\TransformsRequest->handle(Object(Illuminate\\Http\\Request), Object(Closure))
#44 D:\\Gábor\\Iskola\\12.Osztály\\Webprogramozás\\Laravel_gyorstalpalo\\vendor\\laravel\\framework\\src\\Illuminate\\Pipeline\\Pipeline.php(183): Illuminate\\Foundation\\Http\\Middleware\\ConvertEmptyStringsToNull->handle(Object(Illuminate\\Http\\Request), Object(Closure))
#45 D:\\Gábor\\Iskola\\12.Osztály\\Webprogramozás\\Laravel_gyorstalpalo\\vendor\\laravel\\framework\\src\\Illuminate\\Foundation\\Http\\Middleware\\TransformsRequest.php(21): Illuminate\\Pipeline\\Pipeline->Illuminate\\Pipeline\\{closure}(Object(Illuminate\\Http\\Request))
#46 D:\\Gábor\\Iskola\\12.Osztály\\Webprogramozás\\Laravel_gyorstalpalo\\vendor\\laravel\\framework\\src\\Illuminate\\Foundation\\Http\\Middleware\\TrimStrings.php(51): Illuminate\\Foundation\\Http\\Middleware\\TransformsRequest->handle(Object(Illuminate\\Http\\Request), Object(Closure))
#47 D:\\Gábor\\Iskola\\12.Osztály\\Webprogramozás\\Laravel_gyorstalpalo\\vendor\\laravel\\framework\\src\\Illuminate\\Pipeline\\Pipeline.php(183): Illuminate\\Foundation\\Http\\Middleware\\TrimStrings->handle(Object(Illuminate\\Http\\Request), Object(Closure))
#48 D:\\Gábor\\Iskola\\12.Osztály\\Webprogramozás\\Laravel_gyorstalpalo\\vendor\\laravel\\framework\\src\\Illuminate\\Http\\Middleware\\ValidatePostSize.php(27): Illuminate\\Pipeline\\Pipeline->Illuminate\\Pipeline\\{closure}(Object(Illuminate\\Http\\Request))
#49 D:\\Gábor\\Iskola\\12.Osztály\\Webprogramozás\\Laravel_gyorstalpalo\\vendor\\laravel\\framework\\src\\Illuminate\\Pipeline\\Pipeline.php(183): Illuminate\\Http\\Middleware\\ValidatePostSize->handle(Object(Illuminate\\Http\\Request), Object(Closure))
#50 D:\\Gábor\\Iskola\\12.Osztály\\Webprogramozás\\Laravel_gyorstalpalo\\vendor\\laravel\\framework\\src\\Illuminate\\Foundation\\Http\\Middleware\\PreventRequestsDuringMaintenance.php(110): Illuminate\\Pipeline\\Pipeline->Illuminate\\Pipeline\\{closure}(Object(Illuminate\\Http\\Request))
#51 D:\\Gábor\\Iskola\\12.Osztály\\Webprogramozás\\Laravel_gyorstalpalo\\vendor\\laravel\\framework\\src\\Illuminate\\Pipeline\\Pipeline.php(183): Illuminate\\Foundation\\Http\\Middleware\\PreventRequestsDuringMaintenance->handle(Object(Illuminate\\Http\\Request), Object(Closure))
#52 D:\\Gábor\\Iskola\\12.Osztály\\Webprogramozás\\Laravel_gyorstalpalo\\vendor\\laravel\\framework\\src\\Illuminate\\Http\\Middleware\\HandleCors.php(49): Illuminate\\Pipeline\\Pipeline->Illuminate\\Pipeline\\{closure}(Object(Illuminate\\Http\\Request))
#53 D:\\Gábor\\Iskola\\12.Osztály\\Webprogramozás\\Laravel_gyorstalpalo\\vendor\\laravel\\framework\\src\\Illuminate\\Pipeline\\Pipeline.php(183): Illuminate\\Http\\Middleware\\HandleCors->handle(Object(Illuminate\\Http\\Request), Object(Closure))
#54 D:\\Gábor\\Iskola\\12.Osztály\\Webprogramozás\\Laravel_gyorstalpalo\\vendor\\laravel\\framework\\src\\Illuminate\\Http\\Middleware\\TrustProxies.php(58): Illuminate\\Pipeline\\Pipeline->Illuminate\\Pipeline\\{closure}(Object(Illuminate\\Http\\Request))
#55 D:\\Gábor\\Iskola\\12.Osztály\\Webprogramozás\\Laravel_gyorstalpalo\\vendor\\laravel\\framework\\src\\Illuminate\\Pipeline\\Pipeline.php(183): Illuminate\\Http\\Middleware\\TrustProxies->handle(Object(Illuminate\\Http\\Request), Object(Closure))
#56 D:\\Gábor\\Iskola\\12.Osztály\\Webprogramozás\\Laravel_gyorstalpalo\\vendor\\laravel\\framework\\src\\Illuminate\\Foundation\\Http\\Middleware\\InvokeDeferredCallbacks.php(22): Illuminate\\Pipeline\\Pipeline->Illuminate\\Pipeline\\{closure}(Object(Illuminate\\Http\\Request))
#57 D:\\Gábor\\Iskola\\12.Osztály\\Webprogramozás\\Laravel_gyorstalpalo\\vendor\\laravel\\framework\\src\\Illuminate\\Pipeline\\Pipeline.php(183): Illuminate\\Foundation\\Http\\Middleware\\InvokeDeferredCallbacks->handle(Object(Illuminate\\Http\\Request), Object(Closure))
#58 D:\\Gábor\\Iskola\\12.Osztály\\Webprogramozás\\Laravel_gyorstalpalo\\vendor\\laravel\\framework\\src\\Illuminate\\Pipeline\\Pipeline.php(119): Illuminate\\Pipeline\\Pipeline->Illuminate\\Pipeline\\{closure}(Object(Illuminate\\Http\\Request))
#59 D:\\Gábor\\Iskola\\12.Osztály\\Webprogramozás\\Laravel_gyorstalpalo\\vendor\\laravel\\framework\\src\\Illuminate\\Foundation\\Http\\Kernel.php(176): Illuminate\\Pipeline\\Pipeline->then(Object(Closure))
#60 D:\\Gábor\\Iskola\\12.Osztály\\Webprogramozás\\Laravel_gyorstalpalo\\vendor\\laravel\\framework\\src\\Illuminate\\Foundation\\Http\\Kernel.php(145): Illuminate\\Foundation\\Http\\Kernel->sendRequestThroughRouter(Object(Illuminate\\Http\\Request))
#61 D:\\Gábor\\Iskola\\12.Osztály\\Webprogramozás\\Laravel_gyorstalpalo\\vendor\\laravel\\framework\\src\\Illuminate\\Foundation\\Application.php(1190): Illuminate\\Foundation\\Http\\Kernel->handle(Object(Illuminate\\Http\\Request))
#62 D:\\Gábor\\Iskola\\12.Osztály\\Webprogramozás\\Laravel_gyorstalpalo\\public\\index.php(17): Illuminate\\Foundation\\Application->handleRequest(Object(Illuminate\\Http\\Request))
#63 D:\\Gábor\\Iskola\\12.Osztály\\Webprogramozás\\Laravel_gyorstalpalo\\vendor\\laravel\\framework\\src\\Illuminate\\Foundation\\resources\\server.php(23): require_once('D:\\\\G\\xC3\\xA1bor\\\\Iskol...')
#64 {main}

[previous exception] [object] (Illuminate\\Foundation\\ViteManifestNotFoundException(code: 0): Vite manifest not found at: D:\\Gábor\\Iskola\\12.Osztály\\Webprogramozás\\Laravel_gyorstalpalo\\public\\build/manifest.json at D:\\Gábor\\Iskola\\12.Osztály\\Webprogramozás\\Laravel_gyorstalpalo\\vendor\\laravel\\framework\\src\\Illuminate\\Foundation\\Vite.php:934)
[stacktrace]
#0 D:\\Gábor\\Iskola\\12.Osztály\\Webprogramozás\\Laravel_gyorstalpalo\\vendor\\laravel\\framework\\src\\Illuminate\\Foundation\\Vite.php(384): Illuminate\\Foundation\\Vite->manifest('build')
#1 D:\\Gábor\\Iskola\\12.Osztály\\Webprogramozás\\Laravel_gyorstalpalo\\storage\\framework\\views\\a35d38ae464d1c8650a87fa9a4588981.php(15): Illuminate\\Foundation\\Vite->__invoke(Object(Illuminate\\Support\\Collection))
#2 D:\\Gábor\\Iskola\\12.Osztály\\Webprogramozás\\Laravel_gyorstalpalo\\vendor\\laravel\\framework\\src\\Illuminate\\Filesystem\\Filesystem.php(123): require('D:\\\\G\\xC3\\xA1bor\\\\Iskol...')
#3 D:\\Gábor\\Iskola\\12.Osztály\\Webprogramozás\\Laravel_gyorstalpalo\\vendor\\laravel\\framework\\src\\Illuminate\\Filesystem\\Filesystem.php(124): Illuminate\\Filesystem\\Filesystem::Illuminate\\Filesystem\\{closure}()
#4 D:\\Gábor\\Iskola\\12.Osztály\\Webprogramozás\\Laravel_gyorstalpalo\\vendor\\laravel\\framework\\src\\Illuminate\\View\\Engines\\PhpEngine.php(58): Illuminate\\Filesystem\\Filesystem->getRequire('D:\\\\G\\xC3\\xA1bor\\\\Iskol...', Array)
#5 D:\\Gábor\\Iskola\\12.Osztály\\Webprogramozás\\Laravel_gyorstalpalo\\vendor\\laravel\\framework\\src\\Illuminate\\View\\Engines\\CompilerEngine.php(75): Illuminate\\View\\Engines\\PhpEngine->evaluatePath('D:\\\\G\\xC3\\xA1bor\\\\Iskol...', Array)
#6 D:\\Gábor\\Iskola\\12.Osztály\\Webprogramozás\\Laravel_gyorstalpalo\\vendor\\laravel\\framework\\src\\Illuminate\\View\\View.php(209): Illuminate\\View\\Engines\\CompilerEngine->get('D:\\\\G\\xC3\\xA1bor\\\\Iskol...', Array)
#7 D:\\Gábor\\Iskola\\12.Osztály\\Webprogramozás\\Laravel_gyorstalpalo\\vendor\\laravel\\framework\\src\\Illuminate\\View\\View.php(192): Illuminate\\View\\View->getContents()
#8 D:\\Gábor\\Iskola\\12.Osztály\\Webprogramozás\\Laravel_gyorstalpalo\\vendor\\laravel\\framework\\src\\Illuminate\\View\\View.php(161): Illuminate\\View\\View->renderContents()
#9 D:\\Gábor\\Iskola\\12.Osztály\\Webprogramozás\\Laravel_gyorstalpalo\\vendor\\laravel\\framework\\src\\Illuminate\\View\\Concerns\\ManagesComponents.php(99): Illuminate\\View\\View->render()
#10 D:\\Gábor\\Iskola\\12.Osztály\\Webprogramozás\\Laravel_gyorstalpalo\\storage\\framework\\views\\a86df09977cf81ed14d506d6254c5f99.php(206): Illuminate\\View\\Factory->renderComponent()
#11 D:\\Gábor\\Iskola\\12.Osztály\\Webprogramozás\\Laravel_gyorstalpalo\\vendor\\laravel\\framework\\src\\Illuminate\\Filesystem\\Filesystem.php(123): require('D:\\\\G\\xC3\\xA1bor\\\\Iskol...')
#12 D:\\Gábor\\Iskola\\12.Osztály\\Webprogramozás\\Laravel_gyorstalpalo\\vendor\\laravel\\framework\\src\\Illuminate\\Filesystem\\Filesystem.php(124): Illuminate\\Filesystem\\Filesystem::Illuminate\\Filesystem\\{closure}()
#13 D:\\Gábor\\Iskola\\12.Osztály\\Webprogramozás\\Laravel_gyorstalpalo\\vendor\\laravel\\framework\\src\\Illuminate\\View\\Engines\\PhpEngine.php(58): Illuminate\\Filesystem\\Filesystem->getRequire('D:\\\\G\\xC3\\xA1bor\\\\Iskol...', Array)
#14 D:\\Gábor\\Iskola\\12.Osztály\\Webprogramozás\\Laravel_gyorstalpalo\\vendor\\laravel\\framework\\src\\Illuminate\\View\\Engines\\CompilerEngine.php(75): Illuminate\\View\\Engines\\PhpEngine->evaluatePath('D:\\\\G\\xC3\\xA1bor\\\\Iskol...', Array)
#15 D:\\Gábor\\Iskola\\12.Osztály\\Webprogramozás\\Laravel_gyorstalpalo\\vendor\\laravel\\framework\\src\\Illuminate\\View\\View.php(209): Illuminate\\View\\Engines\\CompilerEngine->get('D:\\\\G\\xC3\\xA1bor\\\\Iskol...', Array)
#16 D:\\Gábor\\Iskola\\12.Osztály\\Webprogramozás\\Laravel_gyorstalpalo\\vendor\\laravel\\framework\\src\\Illuminate\\View\\View.php(192): Illuminate\\View\\View->getContents()
#17 D:\\Gábor\\Iskola\\12.Osztály\\Webprogramozás\\Laravel_gyorstalpalo\\vendor\\laravel\\framework\\src\\Illuminate\\View\\View.php(161): Illuminate\\View\\View->renderContents()
#18 D:\\Gábor\\Iskola\\12.Osztály\\Webprogramozás\\Laravel_gyorstalpalo\\vendor\\laravel\\framework\\src\\Illuminate\\Http\\Response.php(79): Illuminate\\View\\View->render()
#19 D:\\Gábor\\Iskola\\12.Osztály\\Webprogramozás\\Laravel_gyorstalpalo\\vendor\\laravel\\framework\\src\\Illuminate\\Http\\Response.php(35): Illuminate\\Http\\Response->setContent(Object(Illuminate\\View\\View))
#20 D:\\Gábor\\Iskola\\12.Osztály\\Webprogramozás\\Laravel_gyorstalpalo\\vendor\\laravel\\framework\\src\\Illuminate\\Routing\\Router.php(920): Illuminate\\Http\\Response->__construct(Object(Illuminate\\View\\View), 200, Array)
#21 D:\\Gábor\\Iskola\\12.Osztály\\Webprogramozás\\Laravel_gyorstalpalo\\vendor\\laravel\\framework\\src\\Illuminate\\Routing\\Router.php(887): Illuminate\\Routing\\Router::toResponse(Object(Illuminate\\Http\\Request), Object(Illuminate\\View\\View))
#22 D:\\Gábor\\Iskola\\12.Osztály\\Webprogramozás\\Laravel_gyorstalpalo\\vendor\\laravel\\framework\\src\\Illuminate\\Routing\\Router.php(807): Illuminate\\Routing\\Router->prepareResponse(Object(Illuminate\\Http\\Request), Object(Illuminate\\View\\View))
#23 D:\\Gábor\\Iskola\\12.Osztály\\Webprogramozás\\Laravel_gyorstalpalo\\vendor\\laravel\\framework\\src\\Illuminate\\Pipeline\\Pipeline.php(144): Illuminate\\Routing\\Router->Illuminate\\Routing\\{closure}(Object(Illuminate\\Http\\Request))
#24 D:\\Gábor\\Iskola\\12.Osztály\\Webprogramozás\\Laravel_gyorstalpalo\\vendor\\laravel\\framework\\src\\Illuminate\\Auth\\Middleware\\RedirectIfAuthenticated.php(35): Illuminate\\Pipeline\\Pipeline->Illuminate\\Pipeline\\{closure}(Object(Illuminate\\Http\\Request))
#25 D:\\Gábor\\Iskola\\12.Osztály\\Webprogramozás\\Laravel_gyorstalpalo\\vendor\\laravel\\framework\\src\\Illuminate\\Pipeline\\Pipeline.php(183): Illuminate\\Auth\\Middleware\\RedirectIfAuthenticated->handle(Object(Illuminate\\Http\\Request), Object(Closure))
#26 D:\\Gábor\\Iskola\\12.Osztály\\Webprogramozás\\Laravel_gyorstalpalo\\vendor\\laravel\\framework\\src\\Illuminate\\Routing\\Middleware\\SubstituteBindings.php(51): Illuminate\\Pipeline\\Pipeline->Illuminate\\Pipeline\\{closure}(Object(Illuminate\\Http\\Request))
#27 D:\\Gábor\\Iskola\\12.Osztály\\Webprogramozás\\Laravel_gyorstalpalo\\vendor\\laravel\\framework\\src\\Illuminate\\Pipeline\\Pipeline.php(183): Illuminate\\Routing\\Middleware\\SubstituteBindings->handle(Object(Illuminate\\Http\\Request), Object(Closure))
#28 D:\\Gábor\\Iskola\\12.Osztály\\Webprogramozás\\Laravel_gyorstalpalo\\vendor\\laravel\\framework\\src\\Illuminate\\Foundation\\Http\\Middleware\\VerifyCsrfToken.php(88): Illuminate\\Pipeline\\Pipeline->Illuminate\\Pipeline\\{closure}(Object(Illuminate\\Http\\Request))
#29 D:\\Gábor\\Iskola\\12.Osztály\\Webprogramozás\\Laravel_gyorstalpalo\\vendor\\laravel\\framework\\src\\Illuminate\\Pipeline\\Pipeline.php(183): Illuminate\\Foundation\\Http\\Middleware\\VerifyCsrfToken->handle(Object(Illuminate\\Http\\Request), Object(Closure))
#30 D:\\Gábor\\Iskola\\12.Osztály\\Webprogramozás\\Laravel_gyorstalpalo\\vendor\\laravel\\framework\\src\\Illuminate\\View\\Middleware\\ShareErrorsFromSession.php(49): Illuminate\\Pipeline\\Pipeline->Illuminate\\Pipeline\\{closure}(Object(Illuminate\\Http\\Request))
#31 D:\\Gábor\\Iskola\\12.Osztály\\Webprogramozás\\Laravel_gyorstalpalo\\vendor\\laravel\\framework\\src\\Illuminate\\Pipeline\\Pipeline.php(183): Illuminate\\View\\Middleware\\ShareErrorsFromSession->handle(Object(Illuminate\\Http\\Request), Object(Closure))
#32 D:\\Gábor\\Iskola\\12.Osztály\\Webprogramozás\\Laravel_gyorstalpalo\\vendor\\laravel\\framework\\src\\Illuminate\\Session\\Middleware\\StartSession.php(121): Illuminate\\Pipeline\\Pipeline->Illuminate\\Pipeline\\{closure}(Object(Illuminate\\Http\\Request))
#33 D:\\Gábor\\Iskola\\12.Osztály\\Webprogramozás\\Laravel_gyorstalpalo\\vendor\\laravel\\framework\\src\\Illuminate\\Session\\Middleware\\StartSession.php(64): Illuminate\\Session\\Middleware\\StartSession->handleStatefulRequest(Object(Illuminate\\Http\\Request), Object(Illuminate\\Session\\Store), Object(Closure))
#34 D:\\Gábor\\Iskola\\12.Osztály\\Webprogramozás\\Laravel_gyorstalpalo\\vendor\\laravel\\framework\\src\\Illuminate\\Pipeline\\Pipeline.php(183): Illuminate\\Session\\Middleware\\StartSession->handle(Object(Illuminate\\Http\\Request), Object(Closure))
#35 D:\\Gábor\\Iskola\\12.Osztály\\Webprogramozás\\Laravel_gyorstalpalo\\vendor\\laravel\\framework\\src\\Illuminate\\Cookie\\Middleware\\AddQueuedCookiesToResponse.php(37): Illuminate\\Pipeline\\Pipeline->Illuminate\\Pipeline\\{closure}(Object(Illuminate\\Http\\Request))
#36 D:\\Gábor\\Iskola\\12.Osztály\\Webprogramozás\\Laravel_gyorstalpalo\\vendor\\laravel\\framework\\src\\Illuminate\\Pipeline\\Pipeline.php(183): Illuminate\\Cookie\\Middleware\\AddQueuedCookiesToResponse->handle(Object(Illuminate\\Http\\Request), Object(Closure))
#37 D:\\Gábor\\Iskola\\12.Osztály\\Webprogramozás\\Laravel_gyorstalpalo\\vendor\\laravel\\framework\\src\\Illuminate\\Cookie\\Middleware\\EncryptCookies.php(75): Illuminate\\Pipeline\\Pipeline->Illuminate\\Pipeline\\{closure}(Object(Illuminate\\Http\\Request))
#38 D:\\Gábor\\Iskola\\12.Osztály\\Webprogramozás\\Laravel_gyorstalpalo\\vendor\\laravel\\framework\\src\\Illuminate\\Pipeline\\Pipeline.php(183): Illuminate\\Cookie\\Middleware\\EncryptCookies->handle(Object(Illuminate\\Http\\Request), Object(Closure))
#39 D:\\Gábor\\Iskola\\12.Osztály\\Webprogramozás\\Laravel_gyorstalpalo\\vendor\\laravel\\framework\\src\\Illuminate\\Pipeline\\Pipeline.php(119): Illuminate\\Pipeline\\Pipeline->Illuminate\\Pipeline\\{closure}(Object(Illuminate\\Http\\Request))
#40 D:\\Gábor\\Iskola\\12.Osztály\\Webprogramozás\\Laravel_gyorstalpalo\\vendor\\laravel\\framework\\src\\Illuminate\\Routing\\Router.php(807): Illuminate\\Pipeline\\Pipeline->then(Object(Closure))
#41 D:\\Gábor\\Iskola\\12.Osztály\\Webprogramozás\\Laravel_gyorstalpalo\\vendor\\laravel\\framework\\src\\Illuminate\\Routing\\Router.php(786): Illuminate\\Routing\\Router->runRouteWithinStack(Object(Illuminate\\Routing\\Route), Object(Illuminate\\Http\\Request))
#42 D:\\Gábor\\Iskola\\12.Osztály\\Webprogramozás\\Laravel_gyorstalpalo\\vendor\\laravel\\framework\\src\\Illuminate\\Routing\\Router.php(750): Illuminate\\Routing\\Router->runRoute(Object(Illuminate\\Http\\Request), Object(Illuminate\\Routing\\Route))
#43 D:\\Gábor\\Iskola\\12.Osztály\\Webprogramozás\\Laravel_gyorstalpalo\\vendor\\laravel\\framework\\src\\Illuminate\\Routing\\Router.php(739): Illuminate\\Routing\\Router->dispatchToRoute(Object(Illuminate\\Http\\Request))
#44 D:\\Gábor\\Iskola\\12.Osztály\\Webprogramozás\\Laravel_gyorstalpalo\\vendor\\laravel\\framework\\src\\Illuminate\\Foundation\\Http\\Kernel.php(201): Illuminate\\Routing\\Router->dispatch(Object(Illuminate\\Http\\Request))
#45 D:\\Gábor\\Iskola\\12.Osztály\\Webprogramozás\\Laravel_gyorstalpalo\\vendor\\laravel\\framework\\src\\Illuminate\\Pipeline\\Pipeline.php(144): Illuminate\\Foundation\\Http\\Kernel->Illuminate\\Foundation\\Http\\{closure}(Object(Illuminate\\Http\\Request))
#46 D:\\Gábor\\Iskola\\12.Osztály\\Webprogramozás\\Laravel_gyorstalpalo\\vendor\\laravel\\framework\\src\\Illuminate\\Foundation\\Http\\Middleware\\TransformsRequest.php(21): Illuminate\\Pipeline\\Pipeline->Illuminate\\Pipeline\\{closure}(Object(Illuminate\\Http\\Request))
#47 D:\\Gábor\\Iskola\\12.Osztály\\Webprogramozás\\Laravel_gyorstalpalo\\vendor\\laravel\\framework\\src\\Illuminate\\Foundation\\Http\\Middleware\\ConvertEmptyStringsToNull.php(31): Illuminate\\Foundation\\Http\\Middleware\\TransformsRequest->handle(Object(Illuminate\\Http\\Request), Object(Closure))
#48 D:\\Gábor\\Iskola\\12.Osztály\\Webprogramozás\\Laravel_gyorstalpalo\\vendor\\laravel\\framework\\src\\Illuminate\\Pipeline\\Pipeline.php(183): Illuminate\\Foundation\\Http\\Middleware\\ConvertEmptyStringsToNull->handle(Object(Illuminate\\Http\\Request), Object(Closure))
#49 D:\\Gábor\\Iskola\\12.Osztály\\Webprogramozás\\Laravel_gyorstalpalo\\vendor\\laravel\\framework\\src\\Illuminate\\Foundation\\Http\\Middleware\\TransformsRequest.php(21): Illuminate\\Pipeline\\Pipeline->Illuminate\\Pipeline\\{closure}(Object(Illuminate\\Http\\Request))
#50 D:\\Gábor\\Iskola\\12.Osztály\\Webprogramozás\\Laravel_gyorstalpalo\\vendor\\laravel\\framework\\src\\Illuminate\\Foundation\\Http\\Middleware\\TrimStrings.php(51): Illuminate\\Foundation\\Http\\Middleware\\TransformsRequest->handle(Object(Illuminate\\Http\\Request), Object(Closure))
#51 D:\\Gábor\\Iskola\\12.Osztály\\Webprogramozás\\Laravel_gyorstalpalo\\vendor\\laravel\\framework\\src\\Illuminate\\Pipeline\\Pipeline.php(183): Illuminate\\Foundation\\Http\\Middleware\\TrimStrings->handle(Object(Illuminate\\Http\\Request), Object(Closure))
#52 D:\\Gábor\\Iskola\\12.Osztály\\Webprogramozás\\Laravel_gyorstalpalo\\vendor\\laravel\\framework\\src\\Illuminate\\Http\\Middleware\\ValidatePostSize.php(27): Illuminate\\Pipeline\\Pipeline->Illuminate\\Pipeline\\{closure}(Object(Illuminate\\Http\\Request))
#53 D:\\Gábor\\Iskola\\12.Osztály\\Webprogramozás\\Laravel_gyorstalpalo\\vendor\\laravel\\framework\\src\\Illuminate\\Pipeline\\Pipeline.php(183): Illuminate\\Http\\Middleware\\ValidatePostSize->handle(Object(Illuminate\\Http\\Request), Object(Closure))
#54 D:\\Gábor\\Iskola\\12.Osztály\\Webprogramozás\\Laravel_gyorstalpalo\\vendor\\laravel\\framework\\src\\Illuminate\\Foundation\\Http\\Middleware\\PreventRequestsDuringMaintenance.php(110): Illuminate\\Pipeline\\Pipeline->Illuminate\\Pipeline\\{closure}(Object(Illuminate\\Http\\Request))
#55 D:\\Gábor\\Iskola\\12.Osztály\\Webprogramozás\\Laravel_gyorstalpalo\\vendor\\laravel\\framework\\src\\Illuminate\\Pipeline\\Pipeline.php(183): Illuminate\\Foundation\\Http\\Middleware\\PreventRequestsDuringMaintenance->handle(Object(Illuminate\\Http\\Request), Object(Closure))
#56 D:\\Gábor\\Iskola\\12.Osztály\\Webprogramozás\\Laravel_gyorstalpalo\\vendor\\laravel\\framework\\src\\Illuminate\\Http\\Middleware\\HandleCors.php(49): Illuminate\\Pipeline\\Pipeline->Illuminate\\Pipeline\\{closure}(Object(Illuminate\\Http\\Request))
#57 D:\\Gábor\\Iskola\\12.Osztály\\Webprogramozás\\Laravel_gyorstalpalo\\vendor\\laravel\\framework\\src\\Illuminate\\Pipeline\\Pipeline.php(183): Illuminate\\Http\\Middleware\\HandleCors->handle(Object(Illuminate\\Http\\Request), Object(Closure))
#58 D:\\Gábor\\Iskola\\12.Osztály\\Webprogramozás\\Laravel_gyorstalpalo\\vendor\\laravel\\framework\\src\\Illuminate\\Http\\Middleware\\TrustProxies.php(58): Illuminate\\Pipeline\\Pipeline->Illuminate\\Pipeline\\{closure}(Object(Illuminate\\Http\\Request))
#59 D:\\Gábor\\Iskola\\12.Osztály\\Webprogramozás\\Laravel_gyorstalpalo\\vendor\\laravel\\framework\\src\\Illuminate\\Pipeline\\Pipeline.php(183): Illuminate\\Http\\Middleware\\TrustProxies->handle(Object(Illuminate\\Http\\Request), Object(Closure))
#60 D:\\Gábor\\Iskola\\12.Osztály\\Webprogramozás\\Laravel_gyorstalpalo\\vendor\\laravel\\framework\\src\\Illuminate\\Foundation\\Http\\Middleware\\InvokeDeferredCallbacks.php(22): Illuminate\\Pipeline\\Pipeline->Illuminate\\Pipeline\\{closure}(Object(Illuminate\\Http\\Request))
#61 D:\\Gábor\\Iskola\\12.Osztály\\Webprogramozás\\Laravel_gyorstalpalo\\vendor\\laravel\\framework\\src\\Illuminate\\Pipeline\\Pipeline.php(183): Illuminate\\Foundation\\Http\\Middleware\\InvokeDeferredCallbacks->handle(Object(Illuminate\\Http\\Request), Object(Closure))
#62 D:\\Gábor\\Iskola\\12.Osztály\\Webprogramozás\\Laravel_gyorstalpalo\\vendor\\laravel\\framework\\src\\Illuminate\\Pipeline\\Pipeline.php(119): Illuminate\\Pipeline\\Pipeline->Illuminate\\Pipeline\\{closure}(Object(Illuminate\\Http\\Request))
#63 D:\\Gábor\\Iskola\\12.Osztály\\Webprogramozás\\Laravel_gyorstalpalo\\vendor\\laravel\\framework\\src\\Illuminate\\Foundation\\Http\\Kernel.php(176): Illuminate\\Pipeline\\Pipeline->then(Object(Closure))
#64 D:\\Gábor\\Iskola\\12.Osztály\\Webprogramozás\\Laravel_gyorstalpalo\\vendor\\laravel\\framework\\src\\Illuminate\\Foundation\\Http\\Kernel.php(145): Illuminate\\Foundation\\Http\\Kernel->sendRequestThroughRouter(Object(Illuminate\\Http\\Request))
#65 D:\\Gábor\\Iskola\\12.Osztály\\Webprogramozás\\Laravel_gyorstalpalo\\vendor\\laravel\\framework\\src\\Illuminate\\Foundation\\Application.php(1190): Illuminate\\Foundation\\Http\\Kernel->handle(Object(Illuminate\\Http\\Request))
#66 D:\\Gábor\\Iskola\\12.Osztály\\Webprogramozás\\Laravel_gyorstalpalo\\public\\index.php(17): Illuminate\\Foundation\\Application->handleRequest(Object(Illuminate\\Http\\Request))
#67 D:\\Gábor\\Iskola\\12.Osztály\\Webprogramozás\\Laravel_gyorstalpalo\\vendor\\laravel\\framework\\src\\Illuminate\\Foundation\\resources\\server.php(23): require_once('D:\\\\G\\xC3\\xA1bor\\\\Iskol...')
#68 {main}
"} 
